phrase	n	count	loglik	pages	proper	example	loose_key	head_key
galfridus monemuthensis	2	34	563.01	33	True	Galfridus Monemuthensis	galfrid monemuthens	monemuthens
matthaeus florilegus	2	30	477.86	28	True	Matthaeus Florilegus	matthae florileg	florileg
hector boethius	2	15	305.03	15	True	Hector Boethius	hector boethi	boethi
johannes tinmuthensis	2	24	304.73	21	True	Johannes Tinmuthensis	johann tinmuthens	tinmuthens
polydorus vergilius	2	15	290.07	15	True	Polydorus Vergilius	polydor vergili	vergili
henricus huntingdoniensis	2	16	270.23	15	True	Henricus Huntingdoniensis	henric huntingdoniens	huntingdoniens
wintoniensis ecclesiae	2	23	261.76	19	False	Wintoniensis ecclesiae	wintoniens ecclesi	ecclesi
dominicae incarnationis	2	15	261.29	13	False	Dominicae Incarnationis	dominic incarnation	incarnation
pelagianam haeresim	2	18	260.63	16	False	Pelagianam haeresim	pelagian haeresi	haeresi
libero arbitrio	2	18	257.77	15	False	libero arbitrio	liber arbitri	arbitri
guilielmus malmesburiensis	2	19	249.59	18	True	Guilielmus Malmesburiensis	guilielm malmesburiens	malmesburiens
anno domini	2	29	232.22	27	False	anno Domini	ann domin	domin
ranulphus cestrensis	2	12	224.33	12	True	Ranulphus Cestrensis	ranulph cestrens	cestrens
incarnatione domini	2	17	210.93	16	False	incarnatione Domini	incarnation domin	domin
thomas rudburnus	2	13	210.47	11	True	Thomas Rudburnus	thom rudburn	rudburn
iterum quaerendum	2	12	197.82	3	False	Iterum quaerendum	it quaerend	quaerend
fidem christi	2	24	195.07	22	False	fidem Christi	fid christ	christ
glastoniensis ecclesiae	2	19	186.37	17	False	Glastoniensis ecclesiae	glastoniens ecclesi	ecclesi
radulphus niger	2	10	181.15	10	True	Radulphus Niger	radulph niger	niger
giraldus cambrensis	2	10	178.47	10	True	Giraldus Cambrensis	girald cambrens	cambrens
caesar baronius	2	11	175.78	11	True	Caesar Baronius	caesar baroni	baroni
fabius ethelwerdus	2	9	172.21	9	True	Fabius Ethelwerdus	fabi ethelwerd	ethelwerd
libro secundo	2	18	171.78	16	False	libro secundo	libr secund	secund
liberum arbitrium	2	12	169.67	8	False	liberum arbitrium	lib arbitr	arbitr
gratia dei	2	21	169.25	18	False	gratia Dei	grati de	de
matthaeus parisiensis	2	12	166.87	12	True	Matthaeus Parisiensis	matthae parisiens	parisiens
apostolicae sedis	2	10	151.53	9	False	apostolicae sedis	apostolic sed	sed
lucii regis	2	15	150.05	14	False	Lucii regis	luci reg	reg
constantini magni	2	11	147.4	10	False	Constantini magni	constantin magn	magn
florentius wigorniensis	2	8	147.34	8	True	Florentius Wigorniensis	florenti wigorniens	wigorniens
ponticus virunnius	2	7	146.99	7	False	Ponticus Virunnius	pontic virunni	virunni
dei gratiam	2	17	146.47	14	False	Dei gratiam	de grati	grati
bibliotheca cottoniana	2	10	142.62	10	False	bibliotheca Cottoniana	bibliothec cottonian	cottonian
gratiam dei	2	17	141.17	15	False	gratiam Dei	grati de	de
johannes caius	2	11	138.12	11	True	Johannes Caius	johann cai	cai
alphredo beverlacensi	2	6	133.01	5	True	Alphredo Beverlacensi	alphred beverlacens	beverlacens
henrico huntingdoniensi	2	8	131.94	8	True	Henrico Huntingdoniensi	henric huntingdoniens	huntingdoniens
guilielmo malmesburiensi	2	8	131.6	8	True	Guilielmo Malmesburiensi	guilielm malmesburiens	malmesburiens
anno gratiae	2	18	129.04	14	False	anno gratiae	ann grati	grati
liberi arbitrii	2	8	128.57	8	False	liberi arbitrii	liber arbitri	arbitri
gratiae dei	2	16	124.47	16	False	gratiae Dei	grati de	de
martinus polonus	2	6	124.01	6	True	Martinus Polonus	martin polon	polon
urbis legionum	2	10	119.56	10	False	urbis legionum	urb legion	legion
matthaeus westmonasteriensis	2	9	116.87	9	True	Matthaeus Westmonasteriensis	matthae westmonasteriens	westmonasteriens
insula avalloniae	2	8	116.8	6	False	insula Avalloniae	insul avalloni	avalloni
matthaeo florilego	2	6	116.37	6	True	Matthaeo Florilego	matthae florileg	florileg
regesto landavensi	2	7	115.79	6	False	regesto Landavensi	regest landavens	landavens
aurelii ambrosii	2	8	113.49	8	True	Aurelii Ambrosii	aureli ambrosi	ambrosi
verba faciens	2	8	111.89	8	False	verba faciens	verb facien	facien
philippus bergomensis	2	6	111.84	6	True	Philippus Bergomensis	philipp bergomens	bergomens
gratia christi	2	15	111.82	14	False	gratia Christi	grati christ	christ
annum domini	2	14	110.93	13	False	annum Domini	ann domin	domin
gestis palaestinis	2	7	108.83	7	False	gestis Palaestinis	gest palaestin	palaestin
annum christi	2	16	107.45	15	False	annum Christi	ann christ	christ
totius orbis	2	9	106.4	9	False	totius orbis	toti orb	orb
vitari potest	2	8	106.22	2	False	vitari potest	vitar potest	potest
arbitrii libertatem	2	7	104.64	5	False	arbitrii libertatem	arbitri libertat	libertat
longis navibus	2	5	104.29	5	False	longis navibus	long nav	nav
petrus equilinus	2	6	103.44	6	True	Petrus Equilinus	petr equilin	equilin
romanae ecclesiae	2	11	103.43	10	False	Romanae Ecclesiae	roman ecclesi	ecclesi
eleutherii papae	2	7	103.13	7	False	Eleutherii papae	eleutheri pap	pap
florentii wigorniensis	2	6	102.43	6	True	Florentii Wigorniensis	florenti wigorniens	wigorniens
guilielmus camdenus	2	8	101.22	8	True	Guilielmus Camdenus	guilielm camden	camden
vetusta ecclesia	2	8	100.94	5	False	vetusta ecclesia	vetust ecclesi	ecclesi
sancti amphibali	2	9	100.54	6	False	sancti Amphibali	sanct amphibal	amphibal
lucium regem	2	10	100.3	9	False	Lucium regem	luc reg	reg
ado viennensis	2	6	99.9	6	True	Ado Viennensis	ad viennens	viennens
historiae ecclesiasticae	2	8	99.73	8	False	historiae ecclesiasticae	histori ecclesiastic	ecclesiastic
virginis mariae	2	7	98.02	7	False	virginis Mariae	virgin mari	mari
anno christi	2	18	97.37	16	False	anno Christi	ann christ	christ
jesu christi	2	9	97.14	8	True	Jesu Christi	jesu christ	christ
thomas dempsterus	2	7	96.87	7	True	Thomas Dempsterus	thom dempster	dempster
galfridi monemuthensis	2	7	96.52	7	True	Galfridi Monemuthensis	galfrid monemuthens	monemuthens
cantabrigiensis academiae	2	5	95.91	5	False	Cantabrigiensis academiae	cantabrigiens academi	academi
inimicos gratiae	2	7	95.69	6	False	inimicos gratiae	inimic grati	grati
isidori mercatoris	2	5	95.34	5	True	Isidori Mercatoris	isidor mercator	mercator
sigebertus gemblacensis	2	5	93.7	5	True	Sigebertus Gemblacensis	sigebert gemblacens	gemblacens
britannica historia	2	9	93.67	9	False	Britannica historia	britannic histori	histori
gestis palaestin	2	6	93.18	6	False	gestis Palaestin	gest palaestin	palaestin
libro quinto	2	10	92.17	9	False	libro quinto	libr quint	quint
venantius fortunatus	2	4	91.92	4	True	Venantius Fortunatus	venanti fortunat	fortunat
alphredus beverlacensis	2	4	91.92	3	False	Alphredus Beverlacensis	alphred beverlacens	beverlacens
humfredus lhuydus	2	4	91.92	4	True	Humfredus Lhuydus	humfred lhuyd	lhuyd
annales anglosaxonici	2	6	91.46	6	False	Annales AngloSaxonici	annal anglosaxonic	anglosaxonic
jesum christum	2	6	91.37	5	True	Jesum Christum	jes christ	christ
occidentalium saxonum	2	7	90.89	7	False	occidentalium Saxonum	occidental saxon	saxon
divina providentia	2	5	90.76	5	False	divina providentia	divin providenti	providenti
libro quarto	2	10	90.26	9	False	libro quarto	libr quart	quart
centesimo sexagesimo	2	5	89.71	3	False	centesimo sexagesimo	centesim sexagesim	sexagesim
erricus antissiodorensis	2	5	89.01	5	True	Erricus Antissiodorensis	erric antissiodorens	antissiodorens
lucius rex	2	9	88.31	9	False	Lucius rex	luci rex	rex
triumphis ecclesiae	2	7	88.22	7	False	triumphis Ecclesiae	triumph ecclesi	ecclesi
proxime sequente	2	6	87.18	6	False	proxime sequente	proxim sequent	sequent
edvardi confessoris	2	4	86.91	4	False	Edvardi confessoris	edvard confessor	confessor
ammiano marcellino	2	4	86.91	4	True	Ammiano Marcellino	ammian marcellin	marcellin
pelagianae haereseos	2	6	85.44	6	False	Pelagianae haereseos	pelagian haerese	haerese
vide supr	2	5	85.36	5	False	Vide supr	vid supr	supr
gotcelinus bertinianus	2	4	84.28	4	False	Gotcelinus Bertinianus	gotcelin bertinian	bertinian
ranulpho cestrensi	2	4	84.28	4	True	Ranulpho Cestrensi	ranulph cestrens	cestrens
giraldo cambrensi	2	4	84.28	4	True	Giraldo Cambrensi	girald cambrens	cambrens
theophili raynaudi	2	4	84.28	4	True	Theophili Raynaudi	theophil raynaud	raynaud
basilica petri	2	5	83.17	5	False	Basilica Petri	basilic petr	petr
verbum dei	2	10	82.91	10	False	verbum Dei	verb de	de
kalendas junii	2	5	82.5	5	True	Kalendas Junii	kalend juni	juni
ni fallor	2	4	82.35	4	False	ni fallor	n fallor	fallor
davidis menevensis	2	6	82.32	6	True	Davidis Menevensis	david menevens	menevens
archiepiscoporum catalogo	2	6	81.82	6	False	archiepiscoporum catalogo	archiepiscop catalog	catalog
nihil aliud	2	8	81.6	8	False	nihil aliud	nihil aliud	aliud
pelagius brito	2	5	81.51	5	True	Pelagius Brito	pelagi brit	brit
christianam religionem	2	6	81.48	6	False	Christianam religionem	christian religion	religion
johannes hardingus	2	6	81.24	6	True	Johannes Hardingus	johann harding	harding
johannes gerbrandus	2	6	81.24	6	True	Johannes Gerbrandus	johann gerbrand	gerbrand
mille centum	2	6	80.83	5	False	mille centum	mill cent	cent
christianae religioni	2	5	80.59	5	False	Christianae religioni	christian religion	religion
guilielmus harrisonus	2	5	80.37	5	True	Guilielmus Harrisonus	guilielm harrison	harrison
mare scoticum	2	5	80.22	2	False	mare Scoticum	mar scotic	scotic
chronico belgico	2	5	79.54	5	False	chronico Belgico	chronic belgic	belgic
beatae virginis	2	6	79.28	6	False	beatae virginis	beat virgin	virgin
aerae christianae	2	6	78.85	6	False	aerae Christianae	aer christian	christian
dei genetricis	2	6	78.12	6	False	Dei genetricis	de genetric	genetric
jacobus philippus	2	5	77.63	5	True	Jacobus Philippus	jacob philipp	philipp
stephanus forcatulus	2	4	77.49	4	True	Stephanus Forcatulus	stephan forcatul	forcatul
thomae rudburni	2	4	77.49	4	True	Thomae Rudburni	thom rudburn	rudburn
lucio rege	2	8	77.45	8	False	Lucio rege	luci reg	reg
apollinaris sidonius	2	4	77.35	4	True	Apollinaris Sidonius	apollinar sidoni	sidoni
urbe legionum	2	7	76.92	5	False	urbe legionum	urb legion	legion
nobilis decurio	2	4	76.64	4	False	nobilis decurio	nobil decuri	decuri
ambrosium aurelianum	2	4	75.87	3	True	Ambrosium Aurelianum	ambr aurelian	aurelian
johannes balaeus	2	8	75.64	8	True	Johannes Balaeus	johann balae	balae
genus humanum	2	5	75.61	3	False	genus humanum	gen human	human
adversus pelagianos	2	7	75.36	7	False	adversus Pelagianos	advers pelagian	pelagian
guilielmi malmesburiensis	2	6	75.32	5	True	Guilielmi Malmesburiensis	guilielm malmesburiens	malmesburiens
johannem tinmuthensem	2	4	75.16	4	True	Johannem Tinmuthensem	johann tinmuthens	tinmuthens
legum edvardi	2	4	74.72	4	False	legum Edvardi	leg edvard	edvard
decimo quinto	2	6	74.54	6	False	decimo quinto	decim quint	quint
rogerus wendoverius	2	4	74.52	4	True	Rogerus Wendoverius	roger wendoveri	wendoveri
historia britannica	2	7	74.3	7	False	historia Britannica	histori britannic	britannic
josepho arimathaeensi	2	4	73.37	3	True	Josepho Arimathaeensi	joseph arimathaeens	arimathaeens
galfrido monemuthensi	2	4	72.79	4	True	Galfrido Monemuthensi	galfrid monemuthens	monemuthens
sanctae memoriae	2	6	72.66	6	False	Sanctae memoriae	sanct memori	memori
ecclesiae tabula	2	8	72.13	8	False	ecclesiae tabula	ecclesi tabul	tabul
capite decimo	2	7	72.04	6	False	capite decimo	capit decim	decim
gestis pontificum	2	6	72.02	6	False	gestis pontificum	gest pontific	pontific
religionem christianam	2	5	71.67	5	False	religionem Christianam	religion christian	christian
theodosii junioris	2	4	70.86	3	False	Theodosii junioris	theodosi junior	junior
johannes capgravius	2	7	70.79	7	True	Johannes Capgravius	johann capgravi	capgravi
bibliotheca collegii	2	5	70.68	5	False	bibliotheca Collegii	bibliothec collegi	collegi
hermanni contracti	2	3	70.66	3	True	Hermanni Contracti	hermann contract	contract
onuphrius panvinius	2	3	70.66	3	True	Onuphrius Panvinius	onuphri panvini	panvini
polydoro vergilio	2	3	70.66	3	True	Polydoro Vergilio	polydor vergili	vergili
bernardus lutzenburgius	2	3	70.66	3	True	Bernardus Lutzenburgius	bernard lutzenburgi	lutzenburgi
carolus sigonius	2	3	70.66	3	True	Carolus Sigonius	carol sigoni	sigoni
severinus binius	2	3	70.66	3	True	Severinus Binius	severin bini	bini
pelagiana haeresis	2	6	70.3	6	False	Pelagiana haeresis	pelagian haeres	haeres
millia passuum	2	5	69.48	4	False	millia passuum	milli passu	passu
hujus rei	2	7	69.02	7	False	hujus rei	huj re	re
dominum nostrum	2	5	68.71	4	False	Dominum nostrum	domin nostr	nostr
britannia armorica	2	6	68.59	6	True	Britannia Armorica	britanni armoric	armoric
anni ccccxxix	2	5	68.44	5	False	anni CCCCXXIX	ann ccccxxix	ccccxxix
beatitudinem tuam	2	4	68.36	4	False	beatitudinem tuam	beatitudin tu	tu
urbe roma	2	6	68.27	6	False	urbe Roma	urb rom	rom
johanne tinmuthensi	2	4	67.8	4	True	Johanne Tinmuthensi	johann tinmuthens	tinmuthens
renovant ecclesias	2	4	67.8	4	False	renovant ecclesias	renovant ecclesi	ecclesi
romani pontificis	2	5	67.61	5	False	Romani pontificis	roman pontific	pontific
hujus legationis	2	5	66.67	5	False	hujus legationis	huj legation	legation
praeter alios	2	6	66.56	6	False	praeter alios	praeter ali	ali
romano pontifice	2	5	66.54	4	False	Romano pontifice	roman pontific	pontific
videre contigit	2	4	66.4	4	False	videre contigit	vider contigit	contigit
ecclesiasticorum dogmatum	2	4	66.4	4	False	ecclesiasticorum dogmatum	ecclesiastic dogmat	dogmat
asserio menevensi	2	4	66.28	4	True	Asserio Menevensi	asseri menevens	menevens
virgis torquatis	2	3	66.16	3	False	virgis torquatis	virg torquat	torquat
notkerus balbulus	2	3	66.16	3	True	Notkerus Balbulus	notker balbul	balbul
gervasius tillesburiensis	2	3	66.16	3	True	Gervasius Tillesburiensis	gervasi tillesburiens	tillesburiens
massam pulveris	2	3	66.16	2	False	massam pulveris	mass pulver	pulver
adamus bremensis	2	3	66.16	3	True	Adamus Bremensis	adam bremens	bremens
honore sancti	2	7	66.13	7	False	honore sancti	honor sanct	sanct
ecclesiae historiola	2	6	66.07	6	False	ecclesiae historiola	ecclesi historiol	historiol
constantini maximi	2	5	65.96	2	True	Constantini Maximi	constantin maxim	maxim
vetustam ecclesiam	2	5	65.9	5	False	vetustam ecclesiam	vetust ecclesi	ecclesi
historiae britannicae	2	6	65.26	6	False	Historiae Britannicae	histori britannic	britannic
beatae memoriae	2	5	64.59	5	False	beatae memoriae	beat memori	memori
anglico sermone	2	4	64.59	4	False	Anglico sermone	anglic sermon	sermon
vita dubricii	2	6	64.53	6	False	vita Dubricii	vit dubrici	dubrici
dominum sepelivit	2	4	64.36	4	False	Dominum sepelivit	domin sepelivit	sepelivit
legenda aurea	2	4	64.26	4	False	legenda aurea	legend aure	aure
speculo historiali	2	3	63.93	3	False	speculo historiali	specul historial	historial
marianus scotus	2	3	63.93	3	False	Marianus Scotus	marian scot	scot
facundus hermianensis	2	3	63.93	3	True	Facundus Hermianensis	facund hermianens	hermianens
viduitate servanda	2	3	63.93	1	False	viduitate servanda	viduitat servand	servand
posterioris operis	2	5	63.7	5	False	posterioris operis	posterior oper	oper
remissionem peccatorum	2	4	63.5	2	False	remissionem peccatorum	remission peccat	peccat
rem producto	2	4	63.07	4	False	rem producto	r product	product
papa zosimus	2	5	62.91	4	False	papa Zosimus	pap zosim	zosim
ecclesiam wintoniensem	2	5	62.64	3	False	ecclesiam Wintoniensem	ecclesi wintoniens	wintoniens
regis angliae	2	7	62.61	6	False	regis Angliae	reg angli	angli
richardus vitus	2	3	62.34	3	True	Richardus Vitus	richard vit	vit
alphonsus garsias	2	3	62.34	3	True	Alphonsus Garsias	alphons garsi	garsi
radulpho nigro	2	3	62.34	2	True	Radulpho Nigro	radulph nigr	nigr
ammianus marcellinus	2	3	62.34	3	True	Ammianus Marcellinus	ammian marcellin	marcellin
nomen accepit	2	6	62.32	6	False	nomen accepit	nomen accepit	accepit
hodiernum diem	2	4	62.04	4	False	hodiernum diem	hodiern di	di
ripam fluminis	2	4	61.7	4	False	ripam fluminis	rip flumin	flumin
bene vivendi	2	4	61.56	3	False	bene vivendi	ben vivend	vivend
totius britanniae	2	8	61.45	7	False	totius Britanniae	toti britanni	britanni
lamina plumbea	2	3	61.1	2	False	lamina plumbea	lamin plumbe	plumbe
petrus cratepolius	2	4	61.01	4	True	Petrus Cratepolius	petr cratepoli	cratepoli
martyrologio romano	2	5	60.69	5	False	martyrologio Romano	martyrologi roman	roman
potest homo	2	5	60.52	4	False	potest homo	potest hom	hom
landavensis ecclesiae	2	6	60.46	6	False	Landavensis Ecclesiae	landavens ecclesi	ecclesi
quicunque dixerit	2	4	60.46	2	False	quicunque dixerit	quicun dixerit	dixerit
romanum pontificem	2	4	60.38	4	False	Romanum pontificem	roman pontific	pontific
mense martio	2	3	60.08	3	False	mense Martio	mens marti	marti
dono perseverantiae	2	3	60.08	3	False	dono perseverantiae	don perseveranti	perseveranti
facile custodire	2	4	60.03	4	False	facile custodire	facil custodir	custodir
anglorum regis	2	8	59.83	7	False	Anglorum regis	angl reg	reg
gloriosae virginis	2	4	59.7	4	False	gloriosae virginis	glorios virgin	virgin
florentio wigorniensi	2	3	59.43	3	True	Florentio Wigorniensi	florenti wigorniens	wigorniens
verisimilitudinis colore	2	3	59.43	3	False	verisimilitudinis colore	verisimilitudin color	color
posse hominem	2	6	59.33	6	False	posse hominem	poss homin	homin
johannes trithemius	2	5	59.3	5	True	Johannes Trithemius	johann trithemi	trithemi
johannes leidensis	2	5	59.3	5	True	Johannes Leidensis	johann leidens	leidens
duos religiosos	2	4	59.09	3	False	duos religiosos	du religios	religios
passuum millibus	2	4	58.9	4	False	passuum millibus	passu mill	mill
historiae libro	2	8	58.85	8	False	historiae libro	histori libr	libr
capite tertio	2	6	58.65	6	False	capite tertio	capit terti	terti
montis cacumine	2	3	58.45	3	False	montis cacumine	mont cacumin	cacumin
timothei presbyteri	2	4	58.43	2	False	Timothei presbyteri	timothe presbyter	presbyter
suae historiae	2	7	58.16	7	False	suae historiae	su histori	histori
lirinensis coenobii	2	4	58.01	3	False	Lirinensis coenobii	lirinens coenobi	coenobi
honorem sancti	2	6	57.95	6	False	honorem sancti	honor sanct	sanct
caradocus lancarvanensis	2	3	57.85	3	True	Caradocus Lancarvanensis	caradoc lancarvanens	lancarvanens
dilectionem vestram	2	3	57.77	3	False	dilectionem vestram	dilection vestr	vestr
rex lucius	2	6	57.66	5	False	rex Lucius	rex luci	luci
eleutherius papa	2	4	57.28	4	False	Eleutherius papa	eleutheri pap	pap
universum orbem	2	4	57.23	4	False	universum orbem	univers orb	orb
londinensis episcopus	2	5	57.21	5	False	Londinensis episcopus	londinens episcop	episcop
honoratus massiliensis	2	3	57.2	3	True	Honoratus Massiliensis	honorat massiliens	massiliens
soluta oratione	2	3	57.17	3	False	soluta oratione	solut oration	oration
integrum expleto	2	3	57.17	3	False	integrum expleto	integr explet	explet
historiae suae	2	7	56.93	7	False	historiae suae	histori su	su
originali peccato	2	4	56.73	3	False	originali peccato	original peccat	peccat
humanum genus	2	4	56.63	4	False	humanum genus	human gen	gen
paulus diaconus	2	4	56.62	4	False	Paulus diaconus	paul diacon	diacon
ordinis benedict	2	3	56.62	3	False	ordinis Benedict	ordin benedict	benedict
matthaei florilegi	2	3	56.6	3	True	Matthaei Florilegi	matthae florileg	florileg
vulgati codices	2	3	56.6	3	False	vulgati codices	vulgat codic	codic
narrare pergit	2	3	56.6	3	False	narrare pergit	narrar pergit	pergit
pelagianum dogma	2	4	56.59	3	False	Pelagianum dogma	pelagian dogm	dogm
viginti octo	2	5	56.53	4	False	viginti octo	vigint oct	oct
capite vigesimo	2	5	56.5	5	False	capite vigesimo	capit vigesim	vigesim
sanctorum martyrum	2	5	56.18	5	False	sanctorum martyrum	sanct martyr	martyr
temporum ratio	2	4	56.1	4	False	temporum ratio	temp rati	rati
divi constantini	2	4	55.76	4	True	Divi Constantini	div constantin	constantin
distinctione secunda	2	3	55.65	3	False	distinctione secunda	distinction secund	secund
mariani scoti	2	3	55.61	3	True	Mariani Scoti	marian scot	scot
clarissimus vossius	2	3	55.61	3	False	clarissimus Vossius	clarissim vossi	vossi
ordericus vitalis	2	3	55.58	3	True	Ordericus Vitalis	orderic vital	vital
primae sedis	2	4	55.51	2	False	primae sedis	prim sed	sed
philippus ferrarius	2	3	55.22	3	True	Philippus Ferrarius	philipp ferrari	ferrari
petro equilino	2	3	55.22	3	True	Petro Equilino	petr equilin	equilin
rege lucio	2	6	54.92	5	False	rege Lucio	reg luci	luci
plinta consulibus	2	3	54.82	3	False	Plinta consulibus	plint consul	consul
reiensem episcopatum	2	3	54.82	3	False	Reiensem episcopatum	reiens episcopat	episcopat
secutus johannes	2	6	54.79	6	False	secutus Johannes	secut johann	johann
vir sanctus	2	5	54.66	5	False	vir sanctus	vir sanct	sanct
honore sanctae	2	5	54.46	5	False	honore sanctae	honor sanct	sanct
biennii spatio	2	3	54.44	3	False	biennii spatio	bienni spati	spati
ariana perfidia	2	3	54.37	3	False	Ariana perfidia	arian perfidi	perfidi
septuaginta episcoporum	2	4	54.31	4	False	septuaginta episcoporum	septuagint episcop	episcop
sancti albani	2	6	54.22	5	False	sancti Albani	sanct alban	alban
johannes castorius	2	4	54.11	4	True	Johannes Castorius	johann castori	castori
historiola cantabrigiae	2	3	54.09	3	False	historiola Cantabrigiae	historiol cantabrigi	cantabrigi
suffridus petrus	2	3	54.09	3	True	Suffridus Petrus	suffrid petr	petr
passionem christi	2	6	53.97	6	False	passionem Christi	passion christ	christ
marcum aurelium	2	3	53.95	3	True	Marcum Aurelium	marc aurel	aurel
bibliothecae patrum	2	4	53.81	3	False	bibliothecae patrum	bibliothec patr	patr
glastoniensis monasterii	2	5	53.79	4	False	Glastoniensis monasterii	glastoniens monasteri	monasteri
imperfecti operis	2	4	53.76	4	False	imperfecti operis	imperfect oper	oper
monasticam vitam	2	4	53.65	4	False	monasticam vitam	monastic vit	vit
arthuri regis	2	6	53.59	6	False	Arthuri regis	arthur reg	reg
sanctitatis tuae	2	4	53.55	3	False	sanctitatis tuae	sanctitat tu	tu
suffraganeos habens	2	3	53.35	1	False	suffraganeos habens	suffragane haben	haben
manuum labore	2	3	53.35	3	False	manuum labore	manu labor	labor
hisce verbis	2	5	53.34	5	False	hisce verbis	hisc verb	verb
christianus efficeretur	2	3	53.27	2	False	Christianus efficeretur	christian efficeretur	efficeretur
tabula pensili	2	3	53.14	2	False	tabula pensili	tabul pensil	pensil
germanus altissiodorensis	2	3	53.14	3	True	Germanus Altissiodorensis	german altissiodorens	altissiodorens
majore historia	2	5	53.02	4	False	majore historia	major histori	histori
constantino magno	2	4	52.83	4	False	Constantino magno	constantin magn	magn
britannicae historiae	2	5	52.7	5	False	Britannicae historiae	britannic histori	histori
floribus historiarum	2	3	52.67	3	False	floribus historiarum	flor histor	histor
bona stabularia	2	3	52.67	1	False	Bona stabularia	bon stabulari	stabulari
nicolaus harpsfeldius	2	3	52.48	3	True	Nicolaus Harpsfeldius	nicola harpsfeldi	harpsfeldi
nicolaus cantelupus	2	3	52.48	3	True	Nicolaus Cantelupus	nicola cantelup	cantelup
legionensi archiepiscopatu	2	3	52.48	2	False	Legionensi archiepiscopatu	legionens archiepiscopatu	archiepiscopatu
gestis aelfredi	2	4	52.43	4	False	gestis Aelfredi	gest aelfred	aelfred
patria constantini	2	5	52.33	5	False	patria Constantini	patri constantin	constantin
eulogii author	2	4	51.84	4	False	eulogii author	eulogi author	author
urbis romae	2	5	51.78	4	False	urbis Romae	urb rom	rom
cottonianae bibliothecae	2	3	51.62	3	False	Cottonianae bibliothecae	cottonian bibliothec	bibliothec
theodosii imperatoris	2	4	51.49	3	False	Theodosii imperatoris	theodosi imperator	imperator
petrus merssaeus	2	3	51.37	3	True	Petrus Merssaeus	petr merssae	merssae
capite sexto	2	5	51.34	5	False	capite sexto	capit sext	sext
tempore eleutherii	2	5	51.26	5	False	tempore Eleutherii	tempor eleutheri	eleutheri
sanctis apostolis	2	4	51.25	4	False	sanctis apostolis	sanct apostol	apostol
fidei catholicae	2	5	51.2	5	False	fidei Catholicae	fide catholic	catholic
antiquis temporibus	2	5	51.12	5	False	antiquis temporibus	antiqu tempor	tempor
baldoc londinensis	2	3	51.04	3	True	Baldoc Londinensis	baldoc londinens	londinens
thomas harfeldius	2	3	50.95	3	True	Thomas Harfeldius	thom harfeldi	harfeldi
ecclesiis suburbicar	2	3	50.95	3	False	ecclesiis suburbicar	ecclesi suburbicar	suburbicar
palatii magister	2	3	50.89	3	False	Palatii magister	palati magister	magister
eleutheri papae	2	4	50.76	3	False	Eleutheri papae	eleuther pap	pap
johanne cassiano	2	3	50.75	3	True	Johanne Cassiano	johann cassian	cassian
londinensium archiepiscoporum	2	3	50.72	3	False	Londinensium archiepiscoporum	londinen archiepiscop	archiepiscop
successor datus	2	3	50.72	3	False	successor datus	successor dat	dat
justello edit	2	3	50.72	3	False	Justello edit	justell edit	edit
absque ullo	2	4	50.66	4	False	absque ullo	ab ull	ull
adventum christi	2	7	50.57	6	False	adventum Christi	advent christ	christ
eleutherio papa	2	4	50.5	3	False	Eleutherio papa	eleutheri pap	pap
matthaeo parisiensi	2	3	50.44	3	True	Matthaeo Parisiensi	matthae parisiens	parisiens
ait apostolus	2	4	50.4	4	False	ait apostolus	ait apostol	apostol
fidem christianam	2	5	50.29	5	False	fidem Christianam	fid christian	christian
magna glastoniensis	2	5	50.25	4	False	magna Glastoniensis	magn glastoniens	glastoniens
passionem domini	2	5	50.1	5	False	passionem Domini	passion domin	domin
pelagiana haeresi	2	4	50.1	4	False	Pelagiana haeresi	pelagian haeres	haeres
divinae gratiae	2	5	50.08	5	False	divinae gratiae	divin grati	grati
natale solum	2	4	50.06	3	False	natale solum	natal sol	sol
sanctorum philippi	2	4	50.03	3	False	sanctorum Philippi	sanct philipp	philipp
summo tiberii	2	3	49.89	3	False	summo Tiberii	summ tiberi	tiberi
idus martii	2	3	49.65	3	True	Idus Martii	id marti	marti
ter consuli	2	3	49.65	1	False	ter consuli	ter consul	consul
vita patricii	2	5	49.61	5	False	vita Patricii	vit patrici	patrici
omni clero	2	4	49.49	3	False	omni clero	omn cler	cler
pridie calendas	2	3	49.45	3	False	pridie Calendas	pridi calend	calend
regum anglorum	2	5	49.39	5	False	regum Anglorum	reg angl	angl
johannes stowaeus	2	4	49.11	4	True	Johannes Stowaeus	johann stowae	stowae
verbum vitae	2	5	49.03	4	False	verbum vitae	verb vit	vit
cujus pater	2	6	48.97	4	False	cujus pater	cuj pater	pater
robertus glocestrensis	2	3	48.92	3	True	Robertus Glocestrensis	robert glocestrens	glocestrens
antonino pio	2	3	48.89	2	True	Antonino Pio	antonin pi	pi
toto orbe	2	4	48.64	4	False	toto orbe	tot orb	orb
christianae religionis	2	4	48.64	4	False	Christianae religionis	christian religion	religion
tempus henrici	2	4	48.6	3	False	tempus Henrici	temp henric	henric
dei gratia	2	8	48.58	8	False	Dei gratia	de grati	grati
honorii augusti	2	3	48.49	3	True	Honorii Augusti	honori august	august
lucidum presbyterum	2	3	48.49	3	False	Lucidum presbyterum	lucid presbyt	presbyt
novi testamenti	2	3	48.21	3	False	novi Testamenti	nov testament	testament
justus lipsius	2	3	48.21	3	False	Justus Lipsius	just lipsi	lipsi
aetatis gradu	2	3	48.21	3	False	aetatis gradu	aetat gradu	gradu
vetus coenobium	2	4	48.09	3	False	vetus coenobium	vet coenob	coenob
albanus civis	2	3	48.09	3	False	Albanus civis	alban civ	civ
adjutorio dei	2	5	48.07	3	False	adjutorio Dei	adjutori de	de
annum salutis	2	5	47.94	5	False	annum salutis	ann salut	salut
antonini pii	2	3	47.86	2	True	Antonini Pii	antonin pi	pi
landavensium episcoporum	2	3	47.84	3	False	Landavensium episcoporum	landaven episcop	episcop
johannes major	2	5	47.82	5	False	Johannes Major	johann major	major
accusatoribus christianorum	2	3	47.82	2	False	accusatoribus Christianorum	accusator christian	christian
portiones terrae	2	3	47.82	2	False	portiones terrae	portion terr	terr
cantuariensem archiepiscopum	2	3	47.82	3	False	Cantuariensem archiepiscopum	cantuariens archiepiscop	archiepiscop
praedestinatione sanctorum	2	4	47.8	4	False	praedestinatione sanctorum	praedestination sanct	sanct
anglorum protomartyris	2	4	47.59	4	False	Anglorum protomartyris	angl protomartyr	protomartyr
totam britanniam	2	6	47.46	5	False	totam Britanniam	tot britanni	britanni
vita josephi	2	5	47.44	3	False	vita Josephi	vit joseph	joseph
romana ecclesia	2	5	47.36	5	False	Romana Ecclesia	roman ecclesi	ecclesi
solito more	2	3	47.36	3	False	solito more	solit mor	mor
disertis verbis	2	3	47.16	3	False	disertis verbis	disert verb	verb
religiosae vitae	2	3	47.05	3	False	religiosae vitae	religios vit	vit
mortalem factum	2	3	46.94	3	False	mortalem factum	mortal fact	fact
eboracensium archiepiscoporum	2	3	46.9	2	False	Eboracensium archiepiscoporum	eboracen archiepiscop	archiepiscop
sanctorum phagani	2	3	46.74	3	False	sanctorum Phagani	sanct phagan	phagan
gildas albanius	2	3	46.66	3	True	Gildas Albanius	gild albani	albani
archiepiscopo cantuariensi	2	3	46.5	3	False	archiepiscopo Cantuariensi	archiepiscop cantuariens	cantuariens
johannes nauclerus	2	4	46.48	4	True	Johannes Nauclerus	johann naucler	naucler
johannes rossus	2	4	46.48	4	True	Johannes Rossus	johann ross	ross
dextralis britanniae	2	4	46.45	4	False	dextralis Britanniae	dextral britanni	britanni
regnum deirorum	2	3	46.44	2	False	Regnum Deirorum	regn deir	deir
lingua anglosaxonica	2	3	46.25	3	False	lingua AngloSaxonica	lingu anglosaxonic	anglosaxonic
johanne capgravio	2	3	46.25	3	True	Johanne Capgravio	johann capgravi	capgravi
sancto germano	2	4	46.24	4	False	sancto Germano	sanct german	german
missa legatione	2	3	46.23	2	False	missa legatione	miss legation	legation
anglorum regem	2	6	46.22	4	False	Anglorum regem	angl reg	reg
originalis peccati	2	3	46.13	3	False	originalis peccati	original peccat	peccat
lucidi presbyteri	2	3	46.13	2	False	Lucidi presbyteri	lucid presbyter	presbyter
rogerus hovedenus	2	3	46.09	3	True	Rogerus Hovedenus	roger hoveden	hoveden
orientali parte	2	4	46.05	4	False	orientali parte	oriental part	part
parte boreali	2	3	45.89	2	False	parte boreali	part boreal	boreal
gallorum imperio	2	3	45.85	3	False	Gallorum imperio	gall imperi	imperi
aetii consulatum	2	3	45.85	3	False	Aetii consulatum	aeti consulat	consulat
prophetam regem	2	4	45.83	1	False	prophetam regem	prophet reg	reg
beato philippo	2	3	45.77	2	False	beato Philippo	beat philipp	philipp
albani reliquias	2	4	45.74	4	False	Albani reliquias	alban reliqui	reliqui
virum sanctum	2	4	45.56	4	False	virum sanctum	vir sanct	sanct
johannis tinmuthensis	2	4	45.4	3	True	Johannis Tinmuthensis	johann tinmuthens	tinmuthens
duobus geminis	2	3	45.34	2	False	duobus geminis	duob gemin	gemin
probatae fidei	2	3	45.31	3	False	probatae fidei	probat fide	fide
omnes consentiunt	2	4	45.27	4	False	omnes consentiunt	omn consentiunt	consentiunt
confiteri necesse	2	3	45.26	1	False	confiteri necesse	confiter necess	necess
beatissimi sacerdotes	2	3	45.26	3	False	beatissimi sacerdotes	beatissim sacerdot	sacerdot
inquit author	2	5	45.15	5	False	inquit author	inquit author	author
caesaraugustani episcopi	2	3	45.15	3	False	Caesaraugustani episcopi	caesaraugustan episcop	episcop
capite quinto	2	5	45.14	5	False	capite quinto	capit quint	quint
calendas novembris	2	3	45.12	3	True	Calendas Novembris	calend novembr	novembr
debere baptizari	2	3	45.07	3	False	debere baptizari	deber baptizar	baptizar
samson dolensis	2	3	44.95	2	True	Samson Dolensis	samson dolens	dolens
regis arthuri	2	5	44.85	5	False	regis Arthuri	reg arthur	arthur
haeresim pelagianam	2	4	44.83	4	False	haeresim Pelagianam	haeresi pelagian	pelagian
apostolis eruditi	2	3	44.66	2	False	apostolis eruditi	apostol erudit	erudit
johannes lelandus	2	4	44.56	4	True	Johannes Lelandus	johann leland	leland
armoricanorum britonum	2	3	44.56	2	True	Armoricanorum Britonum	armorican briton	briton
guilielmo albanensi	2	3	44.53	3	True	Guilielmo Albanensi	guilielm albanens	albanens
scoticae gentis	2	3	44.43	2	False	Scoticae gentis	scotic gent	gent
omnes ecclesias	2	5	44.38	4	False	omnes Ecclesias	omn ecclesi	ecclesi
capite quarto	2	5	44.26	5	False	capite quarto	capit quart	quart
arelatensi cathedra	2	3	44.23	3	False	Arelatensi cathedra	arelatens cathedr	cathedr
quinto capite	2	4	44.2	4	False	quinto capite	quint capit	capit
divinae sapientiae	2	3	44.19	3	False	divinae sapientiae	divin sapienti	sapienti
civitatem verolamium	2	3	44.19	2	False	civitatem Verolamium	civitat verol	verol
sanctus david	2	4	44.03	3	False	sanctus David	sanct david	david
ecclesiae curiensis	2	4	44.01	4	False	ecclesiae Curiensis	ecclesi curiens	curiens
vitae augustini	2	5	43.94	5	False	vitae Augustini	vit augustin	augustin
aurelius ambrosius	2	3	43.9	3	True	Aurelius Ambrosius	aureli ambrosi	ambrosi
omne hominum	2	4	43.88	4	False	omne hominum	omn homin	homin
italiae finibus	2	3	43.86	2	False	Italiae finibus	itali fin	fin
orientalis imperii	2	3	43.83	3	False	Orientalis imperii	oriental imperi	imperi
legatis caesaris	2	3	43.73	3	False	legatis Caesaris	legat caesar	caesar
germaniae provinciis	2	3	43.67	2	False	Germaniae provinciis	germani provinci	provinci
guilielmus caxtonus	2	3	43.59	3	True	Guilielmus Caxtonus	guilielm caxton	caxton
putavit baronius	2	3	43.46	3	False	putavit Baronius	putavit baroni	baroni
sancti timothei	2	4	43.31	4	False	sancti Timothei	sanct timothe	timothe
situs monasterii	2	3	43.28	3	False	Situs monasterii	sit monasteri	monasteri
consulatum gessit	2	3	43.17	3	False	consulatum gessit	consulat gessit	gessit
armoricum regnum	2	3	42.88	3	False	Armoricum regnum	armoric regn	regn
habere peccatum	2	4	42.86	2	False	habere peccatum	haber peccat	peccat
calendas octobris	2	3	42.85	3	True	Calendas Octobris	calend octobr	octobr
clerici nomen	2	3	42.81	2	False	clerici nomen	cleric nomen	nomen
gildae nomen	2	5	42.78	5	False	Gildae nomen	gild nomen	nomen
praedictae ecclesiae	2	4	42.74	4	False	praedictae ecclesiae	praedict ecclesi	ecclesi
ecclesia cathedrali	2	3	42.71	3	False	ecclesia cathedrali	ecclesi cathedral	cathedral
temporis ratione	2	4	42.68	4	False	temporis ratione	tempor ration	ration
sexagesimo septimo	2	3	42.63	3	False	sexagesimo septimo	sexagesim septim	septim
vita functum	2	4	42.57	3	False	vita functum	vit funct	funct
baptismum susceperunt	2	3	42.33	2	False	baptismum susceperunt	baptism susceperunt	susceperunt
originale peccatum	2	3	42.32	3	False	originale peccatum	original peccat	peccat
nos ducit	2	3	42.26	3	False	nos ducit	n ducit	ducit
spiritum sanctum	2	3	42.24	2	False	Spiritum sanctum	spirit sanct	sanct
marci antonini	2	3	42.07	3	True	Marci Antonini	marc antonin	antonin
sanctitas tua	2	3	42.05	3	False	sanctitas tua	sanctit tu	tu
pelagium celestium	2	4	42.04	4	True	Pelagium Celestium	pelag celest	celest
persecutionem diocletiani	2	3	41.99	3	False	persecutionem Diocletiani	persecution diocletian	diocletian
albanensis coenobii	2	3	41.98	3	False	Albanensis coenobii	albanens coenobi	coenobi
annum mcccclx	2	3	41.85	3	False	annum MCCCCLX	ann mcccclx	mcccclx
annum dom	2	3	41.85	3	False	annum Dom	ann do	do
regis britonum	2	6	41.83	6	False	regis Britonum	reg briton	briton
metropolitana sede	2	3	41.81	3	False	metropolitana sede	metropolitan sed	sed
humanae mentis	2	3	41.73	3	False	humanae mentis	human ment	ment
multos annos	2	4	41.71	4	False	multos annos	mult ann	ann
beati aaron	2	3	41.69	2	False	beati Aaron	beat aaron	aaron
reges pagani	2	3	41.68	3	False	reges pagani	reg pagan	pagan
capite octavo	2	4	41.62	4	False	capite octavo	capit octav	octav
arthuro rege	2	4	41.59	4	False	Arthuro rege	arthur reg	reg
sanctae recordationis	2	3	41.52	3	False	sanctae recordationis	sanct recordation	recordation
vir eruditus	2	3	41.52	3	False	vir eruditus	vir erudit	erudit
hisce versibus	2	3	41.48	3	False	hisce versibus	hisc ver	ver
regulis totius	2	3	41.4	2	False	regulis totius	regul toti	toti
peccato originali	2	3	41.39	3	False	peccato originali	peccat original	original
libri primi	2	4	41.24	4	False	libri primi	libr prim	prim
operis imperfecti	2	3	41.19	3	False	operis imperfecti	oper imperfect	imperfect
hilarium arelatensem	2	3	41.18	3	True	Hilarium Arelatensem	hilar arelatens	arelatens
anglorum adventum	2	5	41.17	5	False	Anglorum adventum	angl advent	advent
orientalium episcoporum	2	3	41.11	3	False	orientalium episcoporum	oriental episcop	episcop
robertus antissiodorensis	2	3	41.1	3	True	Robertus Antissiodorensis	robert antissiodorens	antissiodorens
africanis episcopis	2	3	41.04	3	False	Africanis episcopis	african episcop	episcop
dei vicarius	2	4	40.96	2	False	Dei vicarius	de vicari	vicari
propria voluntate	2	3	40.95	1	False	propria voluntate	propri voluntat	voluntat
regis temporibus	2	6	40.88	6	False	regis temporibus	reg tempor	tempor
apostolicam sedem	2	3	40.88	3	False	apostolicam sedem	apostolic sed	sed
innocentium papam	2	3	40.78	3	False	Innocentium papam	innocent pap	pap
vitam aeternam	2	3	40.76	3	False	vitam aeternam	vit aetern	aetern
petro apostolo	2	3	40.67	3	False	Petro apostolo	petr apostol	apostol
aurelio carthaginiensi	2	3	40.67	3	True	Aurelio Carthaginiensi	aureli carthaginiens	carthaginiens
adversus pelagium	2	5	40.57	4	False	adversus Pelagium	advers pelag	pelag
johannes fletus	2	3	40.56	3	True	Johannes Fletus	johann flet	flet
henrico vi	2	3	40.55	3	True	Henrico VI	henric v	v
marci aurelii	2	3	40.4	3	True	Marci Aurelii	marc aureli	aureli
regni britannici	2	4	40.36	4	False	regni Britannici	regn britannic	britannic
bibliotheca floriacensi	2	3	40.3	3	False	bibliotheca Floriacensi	bibliothec floriacens	floriacens
duodecim duces	2	3	40.3	1	False	duodecim duces	duodeci duc	duc
paulus orosius	2	3	40.27	3	True	Paulus Orosius	paul orosi	orosi
multis aliis	2	5	40.25	4	False	multis aliis	mult ali	ali
urbem legionum	2	4	40.06	4	False	urbem legionum	urb legion	legion
suae matris	2	4	40.04	4	False	suae matris	su matr	matr
volente deo	2	3	40.0	3	False	volente Deo	volent de	de
alia manu	2	4	39.9	4	False	alia manu	ali manu	manu
interfuit augustinus	2	3	39.72	2	False	interfuit Augustinus	interfuit augustin	augustin
ejus mandatum	2	4	39.67	4	False	ejus mandatum	ej mandat	mandat
beati martyris	2	4	39.64	4	False	beati martyris	beat martyr	martyr
christum sepelivit	2	3	39.64	2	False	Christum sepelivit	christ sepelivit	sepelivit
scribit vigilantius	2	3	39.64	3	False	scribit Vigilantius	scribit vigilanti	vigilanti
ecclesiae catholicae	2	5	39.62	4	False	Ecclesiae Catholicae	ecclesi catholic	catholic
capite septimo	2	4	39.47	4	False	capite septimo	capit septim	septim
sancta maria	2	3	39.38	3	False	sancta Maria	sanct mari	mari
philippus apostolus	2	3	39.38	3	False	Philippus apostolus	philipp apostol	apostol
scriptorum ecclesiasticorum	2	3	39.36	2	False	scriptorum ecclesiasticorum	script ecclesiastic	ecclesiastic
lingua anglicana	2	3	39.3	3	False	lingua Anglicana	lingu anglican	anglican
omnibus gentibus	2	4	39.29	4	False	omnibus gentibus	omn gent	gent
cambriae totius	2	4	39.29	3	False	Cambriae totius	cambri toti	toti
romanum episcopum	2	4	39.22	4	False	Romanum episcopum	roman episcop	episcop
mortem obiisse	2	3	39.09	3	False	mortem obiisse	mort obiiss	obiiss
arbitrii potestatem	2	3	39.08	3	False	arbitrii potestatem	arbitri potestat	potestat
minore chronico	2	3	38.69	3	False	minore chronico	minor chronic	chronic
matthaeus uterque	2	3	38.63	3	False	Matthaeus uterque	matthae uter	uter
dies singulos	2	3	38.57	3	False	dies singulos	di singul	singul
primam ecclesiam	2	4	38.53	2	False	primam ecclesiam	prim ecclesi	ecclesi
insulae parte	2	4	38.5	3	False	insulae parte	insul part	part
absque peccato	2	4	38.49	4	False	absque peccato	ab peccat	peccat
aetate mundi	2	3	38.43	3	False	aetate mundi	aetat mund	mund
cottoniana bibliotheca	2	3	38.41	3	False	Cottoniana bibliotheca	cottonian bibliothec	bibliothec
historia abbatum	2	3	38.32	3	False	historia abbatum	histori abbat	abbat
scotichronico legimus	2	3	38.32	3	False	Scotichronico legimus	scotichronic legim	legim
libri quarti	2	3	38.29	3	False	libri quarti	libr quart	quart
grex domini	2	3	38.26	3	False	grex Domini	grex domin	domin
rebus gestis	2	4	38.16	4	False	rebus gestis	reb gest	gest
glastoniensium monachorum	2	3	38.06	2	False	Glastoniensium monachorum	glastonien monach	monach
chronico minore	2	3	38.05	3	False	chronico minore	chronic minor	minor
fit mentio	2	3	38.03	3	False	fit mentio	fit menti	menti
sanctum albanum	2	3	37.97	3	False	Sanctum Albanum	sanct alban	alban
hujus anni	2	5	37.91	5	False	hujus anni	huj ann	ann
lirinensis monasterii	2	3	37.8	3	False	Lirinensis monasterii	lirinens monasteri	monasteri
quinquaginta annis	2	3	37.77	3	False	quinquaginta annis	quinquagint ann	ann
christum seculi	2	3	37.74	3	False	Christum seculi	christ secul	secul
civitate londinensi	2	3	37.67	2	False	civitate Londinensi	civitat londinens	londinens
regno britanniae	2	5	37.62	5	False	regno Britanniae	regn britanni	britanni
duobus antiquissimis	2	3	37.62	3	False	duobus antiquissimis	duob antiquissim	antiquissim
terrarum orbem	2	3	37.52	3	False	terrarum orbem	terr orb	orb
castellani regis	2	3	37.44	3	False	Castellani regis	castellan reg	reg
sancti petri	2	4	37.35	3	False	sancti Petri	sanct petr	petr
pelagiana dogmata	2	3	37.33	3	False	Pelagiana dogmata	pelagian dogmat	dogmat
sanctorum canonicorum	2	3	37.18	3	False	sanctorum canonicorum	sanct canonic	canonic
sancti phaganus	2	3	37.17	3	False	sancti Phaganus	sanct phagan	phagan
sancti salvatoris	2	3	37.17	3	False	sancti Salvatoris	sanct salvator	salvator
totius dextralis	2	3	37.16	3	False	totius dextralis	toti dextral	dextral
rei veritate	2	3	37.05	3	False	rei veritate	re veritat	veritat
primas partes	2	3	37.05	1	False	primas partes	prim part	part
gratiam christi	2	6	37.01	6	False	gratiam Christi	grati christ	christ
passus centum	2	3	37.01	1	False	passus centum	pass cent	cent
verae fidei	2	3	37.0	2	False	verae fidei	ver fide	fide
offa rege	2	3	36.99	3	False	Offa rege	off reg	reg
episcopalem sedem	2	3	36.98	3	False	episcopalem sedem	episcopal sed	sed
parte insulae	2	4	36.9	4	False	parte insulae	part insul	insul
regnum iniisse	2	3	36.89	3	False	regnum iniisse	regn iniiss	iniiss
cultum christi	2	4	36.8	4	False	cultum Christi	cult christ	christ
roffensis historiae	2	3	36.7	3	False	Roffensis historiae	roffens histori	histori
constantinum magnum	2	3	36.7	3	False	Constantinum Magnum	constantin magn	magn
regis britanniae	2	6	36.66	6	False	regis Britanniae	reg britanni	britanni
ecclesia catholica	2	4	36.55	4	False	ecclesia Catholica	ecclesi catholic	catholic
legenda helenae	2	3	36.53	3	False	legenda Helenae	legend helen	helen
omnis homo	2	3	36.39	3	False	omnis homo	omn hom	hom
actis concilii	2	3	36.36	3	False	actis concilii	act concili	concili
julii martyris	2	3	36.27	2	False	Julii martyris	juli martyr	martyr
innocentii romani	2	3	36.16	3	True	Innocentii Romani	innocenti roman	roman
landavensi episcopo	2	3	36.15	3	False	Landavensi episcopo	landavens episcop	episcop
sedis apostolicae	2	3	36.1	3	False	sedis apostolicae	sed apostolic	apostolic
johannes fordonus	2	3	36.07	3	True	Johannes Fordonus	johann fordon	fordon
samsonis ms	2	3	36.02	1	True	Samsonis MS	samson m	m
prioris operis	2	3	36.02	2	False	prioris operis	prior oper	oper
centum sexaginta	2	3	35.99	3	False	centum sexaginta	cent sexagint	sexagint
sanctis germaniae	2	3	35.93	3	False	sanctis Germaniae	sanct germani	germani
capite quinquagesimo	2	3	35.91	3	False	capite quinquagesimo	capit quinquagesim	quinquagesim
alia plura	2	3	35.77	2	False	alia plura	ali plur	plur
capitulo tertio	2	3	35.72	3	False	capitulo tertio	capitul terti	terti
libri tertii	2	3	35.63	3	False	libri tertii	libr terti	terti
antiquorum saxonum	2	3	35.6	3	False	antiquorum Saxonum	antiqu saxon	saxon
septem annos	2	4	35.49	4	False	septem annos	sept ann	ann
vita constantini	2	5	35.47	4	False	vita Constantini	vit constantin	constantin
lucio regi	2	3	35.47	3	False	Lucio regi	luci reg	reg
celestino romano	2	3	35.36	3	True	Celestino Romano	celestin roman	roman
parte australi	2	3	35.31	2	False	parte australi	part austral	austral
duodecim hidas	2	3	35.13	3	False	duodecim hidas	duodeci hid	hid
vita christiana	2	4	34.94	2	False	vita Christiana	vit christian	christian
britannis cair	2	3	34.58	2	True	Britannis Cair	britann cair	cair
pii episcopi	2	3	34.57	3	False	Pii episcopi	pi episcop	episcop
vita excessisse	2	3	34.44	3	False	vita excessisse	vit excessiss	excessiss
vita functus	2	3	34.44	3	False	vita functus	vit funct	funct
hominem posse	2	4	34.38	4	False	hominem posse	homin poss	poss
anno regni	2	6	34.25	6	False	anno regni	ann regn	regn
insulam mari	2	3	34.19	3	False	insulam mari	insul mar	mar
ctesiphontem epistola	2	3	34.04	2	False	Ctesiphontem epistola	ctesiphont epistol	epistol
saxonum adventum	2	4	34.02	4	False	Saxonum adventum	saxon advent	advent
chronico legimus	2	4	33.93	4	False	chronico legimus	chronic legim	legim
nescio quid	2	3	33.93	3	False	nescio quid	nesci quid	quid
sanctus germanus	2	3	33.93	3	False	sanctus Germanus	sanct german	german
utraque parte	2	3	33.86	3	False	utraque parte	utr part	part
mortem patris	2	3	33.83	3	False	mortem patris	mort patr	patr
britanniae rex	2	5	33.74	4	False	Britanniae rex	britanni rex	rex
anno aetatis	2	4	33.69	2	False	anno aetatis	ann aetat	aetat
historiarum sanctorum	2	3	33.68	3	False	historiarum sanctorum	histor sanct	sanct
concilio carthaginiensi	2	3	33.55	3	False	concilio Carthaginiensi	concili carthaginiens	carthaginiens
totum orbem	2	3	33.48	3	False	totum orbem	tot orb	orb
solius dei	2	3	33.41	2	False	solius Dei	soli de	de
nomen retinet	2	3	33.36	3	False	nomen retinet	nomen retinet	retinet
beatus hieronymus	2	3	33.35	3	False	beatus Hieronymus	beat hieronym	hieronym
scriptorum catalogo	2	3	33.35	3	False	scriptorum catalogo	script catalog	catalog
diversis locis	2	3	33.14	3	False	diversis locis	divers loc	loc
occidentali parte	2	3	33.1	3	False	occidentali parte	occidental part	part
britannicae gentis	2	3	33.08	3	False	Britannicae gentis	britannic gent	gent
martyrio vitam	2	3	33.05	3	False	martyrio vitam	martyri vit	vit
albani martyris	2	4	33.02	3	False	Albani martyris	alban martyr	martyr
augustinus episcopus	2	4	33.02	3	False	Augustinus episcopus	augustin episcop	episcop
dies viginti	2	3	33.01	3	False	dies viginti	di vigint	vigint
sanctus albanus	2	3	32.96	2	False	sanctus Albanus	sanct alban	alban
duobus mss	2	3	32.94	3	False	duobus MSS	duob ms	ms
aliis omnibus	2	5	32.9	5	False	aliis omnibus	ali omn	omn
christi fidem	2	6	32.86	5	False	Christi fidem	christ fid	fid
saxones venerunt	2	3	32.65	1	False	Saxones venerunt	saxon venerunt	venerunt
romanorum imperio	2	3	32.48	3	False	Romanorum imperio	roman imperi	imperi
tibi roma	2	3	32.41	2	False	tibi Roma	tib rom	rom
haeresis pelagiana	2	3	32.41	3	False	haeresis Pelagiana	haeres pelagian	pelagian
romano martyrologio	2	3	32.33	3	False	Romano martyrologio	roman martyrologi	martyrologi
johannes bosco	2	3	32.25	3	True	Johannes Bosco	johann bosc	bosc
bedae martyrologio	2	3	32.12	3	False	Bedae martyrologio	bed martyrologi	martyrologi
sanctum virum	2	3	32.11	3	False	sanctum virum	sanct vir	vir
sanctae mariae	2	3	32.04	3	False	sanctae Mariae	sanct mari	mari
sancti viri	2	4	32.01	4	False	sancti viri	sanct vir	vir
capite vicesimo	2	3	32.01	2	False	capite vicesimo	capit vicesim	vicesim
habetur editum	2	3	31.98	3	False	habetur editum	habetur edit	edit
petri apostoli	2	3	31.88	3	False	Petri apostoli	petr apostol	apostol
praedicti sancti	2	3	31.88	3	False	praedicti sancti	praedict sanct	sanct
decimo quarto	2	3	31.87	3	False	decimo quarto	decim quart	quart
domino salutem	2	3	31.78	3	False	Domino salutem	domin salut	salut
duodecim sociis	2	3	31.72	3	False	duodecim sociis	duodeci soci	soci
scriptor vitae	2	3	31.62	3	False	scriptor vitae	scriptor vit	vit
rex britanniae	2	5	31.57	5	False	rex Britanniae	rex britanni	britanni
author annalium	2	3	31.54	3	False	author annalium	author annal	annal
rex ina	2	3	31.48	2	False	rex Ina	rex in	in
tabula magna	2	3	31.39	3	False	Tabula magna	tabul magn	magn
malmesburiensis monachus	2	3	31.34	3	False	Malmesburiensis monachus	malmesburiens monach	monach
millia hominum	2	3	31.25	3	False	millia hominum	milli homin	homin
episcopi pelagiani	2	3	31.11	2	False	episcopi Pelagiani	episcop pelagian	pelagian
unius dei	2	4	31.05	4	False	unius Dei	uni de	de
johannes cassianus	2	3	31.01	3	True	Johannes Cassianus	johann cassian	cassian
rex arthurus	2	3	30.87	3	False	rex Arthurus	rex arthur	arthur
historia majore	2	3	30.81	3	False	historia majore	histori major	major
anno aerae	2	4	30.69	4	False	anno aerae	ann aer	aer
libros duos	2	3	30.69	3	False	libros duos	libr du	du
romani imperii	2	3	30.66	3	False	Romani imperii	roman imperi	imperi
concilio arelatensi	2	3	30.58	3	False	concilio Arelatensi	concili arelatens	arelatens
decem annis	2	3	30.55	3	False	decem annis	dec ann	ann
inquit ninius	2	3	30.52	3	False	inquit Ninius	inquit nini	nini
deo meo	2	3	30.39	2	False	Deo meo	de me	me
fidem convertit	2	3	30.37	3	False	fidem convertit	fid convertit	convertit
scripsit hieronymus	2	3	30.35	3	False	scripsit Hieronymus	scripsit hieronym	hieronym
capite secundo	2	4	30.25	4	False	capite secundo	capit secund	secund
anno salutis	2	4	30.21	4	False	anno salutis	ann salut	salut
sanctorum patrum	2	3	30.18	3	False	sanctorum patrum	sanct patr	patr
rem narrat	2	3	30.14	3	False	rem narrat	r narrat	narrat
epistolam fausti	2	3	30.14	2	False	epistolam Fausti	epistol faust	faust
libro tertio	2	4	29.97	4	False	libro tertio	libr terti	terti
nomine fundata	2	3	29.93	2	False	nomine fundata	nomin fundat	fundat
annum gratiae	2	5	29.89	5	False	annum gratiae	ann grati	grati
historia britonum	2	4	29.87	4	False	historia Britonum	histori briton	briton
sancta synodo	2	3	29.85	2	False	sancta synodo	sanct synod	synod
omnium ecclesiarum	2	3	29.65	3	False	omnium ecclesiarum	omn eccles	eccles
christi fidelibus	2	3	29.54	3	False	Christi fidelibus	christ fidel	fidel
centum annis	2	3	29.53	3	False	centum annis	cent ann	ann
arelatensem episcopum	2	3	29.28	3	False	Arelatensem episcopum	arelatens episcop	episcop
britannorum rege	2	4	29.15	4	False	Britannorum rege	britann reg	reg
britanniam venisse	2	3	29.15	3	False	Britanniam venisse	britanni veniss	veniss
tabula legimus	2	3	29.13	3	False	tabula legimus	tabul legim	legim
omnium apostolorum	2	3	29.03	3	False	omnium apostolorum	omn apostol	apostol
anno ccccxxx	2	3	28.96	3	False	anno CCCCXXX	ann ccccxxx	ccccxxx
sancti patricii	2	3	28.9	2	False	sancti Patricii	sanct patrici	patrici
papa romano	2	3	28.77	2	False	papa Romano	pap roman	roman
totius religionis	2	3	28.58	3	False	totius religionis	toti religion	religion
filiam regis	2	3	28.46	3	False	filiam regis	fili reg	reg
historiarum libro	2	3	28.29	3	False	historiarum libro	histor libr	libr
multum tempus	2	3	28.24	3	False	multum tempus	mult temp	temp
septem episcopis	2	3	28.22	2	False	septem episcopis	sept episcop	episcop
sarisburiensis ecclesiae	2	3	28.22	3	False	Sarisburiensis ecclesiae	sarisburiens ecclesi	ecclesi
martyris albani	2	3	28.22	3	False	martyris Albani	martyr alban	alban
dominus vitam	2	3	28.21	3	False	Dominus vitam	domin vit	vit
anno diocletiani	2	4	28.15	4	False	anno Diocletiani	ann diocletian	diocletian
romano episcopo	2	3	28.12	3	False	Romano episcopo	roman episcop	episcop
discipulis sanctorum	2	3	28.1	3	False	discipulis sanctorum	discipul sanct	sanct
decem annos	2	3	28.1	3	False	decem annos	dec ann	ann
initio libri	2	3	28.07	3	False	initio libri	initi libr	libr
annum adventus	2	3	27.82	2	False	annum adventus	ann advent	advent
libris duobus	2	3	27.72	3	False	libris duobus	libr duob	duob
deo nostro	2	3	27.72	3	False	Deo nostro	de nostr	nostr
dubricii vita	2	3	27.48	3	False	Dubricii vita	dubrici vit	vit
verbi dei	2	3	27.33	3	False	verbi Dei	verb de	de
legenda sancti	2	3	27.2	3	False	legenda sancti	legend sanct	sanct
sancti david	2	3	27.01	3	False	sancti David	sanct david	david
albani martyrium	2	3	27.01	3	False	Albani martyrium	alban martyr	martyr
passione christi	2	3	26.95	2	False	passione Christi	passion christ	christ
gratiae suae	2	4	26.9	3	False	gratiae suae	grati su	su
finem anni	2	3	26.67	3	False	finem anni	fin ann	ann
libro nono	2	3	26.61	3	False	libro nono	libr non	non
totam insulam	2	3	26.25	3	False	totam insulam	tot insul	insul
libro vigesimo	2	3	26.06	2	False	libro vigesimo	libr vigesim	vigesim
christianae fidei	2	3	26.05	2	False	Christianae fidei	christian fide	fide
corpus ejus	2	4	26.03	3	False	corpus ejus	corp ej	ej
illis temporibus	2	4	26.03	4	False	illis temporibus	ill tempor	tempor
pater ejus	2	4	26.03	4	False	pater ejus	pater ej	ej
fidei christianae	2	3	25.95	3	False	fidei Christianae	fide christian	christian
alia multa	2	3	25.9	3	False	alia multa	ali mult	mult
synodi gestis	2	3	25.87	3	False	synodi gestis	synod gest	gest
britanniae parte	2	4	25.85	3	False	Britanniae parte	britanni part	part
britanniam primam	2	3	25.83	3	False	Britanniam primam	britanni prim	prim
nostris temporibus	2	3	25.77	3	False	nostris temporibus	nostr tempor	tempor
gente anglorum	2	3	25.75	3	False	gente Anglorum	gent angl	angl
gentis anglorum	2	3	25.75	3	False	gentis Anglorum	gent angl	angl
beati augustini	2	3	25.72	3	False	beati Augustini	beat augustin	augustin
sequente anno	2	3	25.67	3	False	sequente anno	sequent ann	ann
illis partibus	2	3	25.65	3	False	illis partibus	ill part	part
scripta legitur	2	3	25.64	3	False	scripta legitur	script legitur	legitur
sanctorum albani	2	3	25.46	3	False	sanctorum Albani	sanct alban	alban
regis britannici	2	3	25.41	3	False	regis Britannici	reg britannic	britannic
mihi videtur	2	3	25.18	3	False	mihi videtur	mih videtur	videtur
sancti germani	2	3	25.09	3	False	Sancti Germani	sanct german	german
adjutorium dei	2	3	25.04	2	False	adjutorium Dei	adjutor de	de
anno demum	2	4	24.95	4	False	Anno demum	ann dem	dem
christianam fidem	2	3	24.78	3	False	Christianam fidem	christian fid	fid
lucii regno	2	3	24.6	3	False	Lucii regno	luci regn	regn
ejus nominis	2	4	24.47	4	False	ejus nominis	ej nomin	nomin
partem tantum	2	3	24.07	2	False	partem tantum	part tant	tant
ejus translatione	2	3	24.05	2	False	ejus translatione	ej translation	translation
ecclesia sancti	2	4	24.04	4	False	ecclesia sancti	ecclesi sanct	sanct
majore britannia	2	3	24.03	3	False	majore Britannia	major britanni	britanni
frater ejus	2	3	24.03	3	False	frater ejus	frater ej	ej
adversus augustinum	2	3	23.95	3	False	adversus Augustinum	advers augustin	augustin
filium ejus	2	4	23.55	4	False	filium ejus	fil ej	ej
libro septimo	2	3	23.55	3	False	libro septimo	libr septim	septim
britanniam misit	2	3	23.23	3	False	Britanniam misit	britanni misit	misit
anno videlicet	2	4	23.05	4	False	anno videlicet	ann videlicet	videlicet
omnes homines	2	3	22.94	3	False	omnes homines	omn homin	homin
nos habere	2	3	22.6	2	False	nos habere	n haber	haber
nobis dictum	2	3	22.39	3	False	nobis dictum	nob dict	dict
ejus vita	2	6	22.37	6	False	ejus vita	ej vit	vit
carthaginiensis ecclesiae	2	3	21.97	3	False	Carthaginiensis ecclesiae	carthaginiens ecclesi	ecclesi
evangelium christi	2	3	21.86	3	False	evangelium Christi	evangel christ	christ
tempore britonum	2	4	21.76	4	False	Tempore Britonum	tempor briton	briton
matris ecclesiae	2	3	21.6	3	False	matris Ecclesiae	matr ecclesi	ecclesi
lucii temporibus	2	3	21.45	3	False	Lucii temporibus	luci tempor	tempor
locis britanniae	2	3	21.22	3	False	locis Britanniae	loc britanni	britanni
christi dogma	2	3	21.11	3	False	Christi dogma	christ dogm	dogm
totius regni	2	3	20.95	3	False	Totius regni	toti regn	regn
multo tempore	2	3	20.42	3	False	multo tempore	mult tempor	tempor
omnes episcopos	2	3	20.32	3	False	omnes episcopos	omn episcop	episcop
quarto anno	2	3	20.26	3	False	quarto anno	quart ann	ann
cujus rei	2	3	20.2	3	False	Cujus rei	cuj re	re
gratiae christi	2	4	19.99	4	False	gratiae Christi	grati christ	christ
sancti augustini	2	3	19.67	3	False	sancti Augustini	sanct augustin	augustin
britanniae regnum	2	3	19.66	3	False	Britanniae regnum	britanni regn	regn
pelagii nomen	2	3	19.5	3	False	Pelagii nomen	pelagi nomen	nomen
sicut beda	2	3	19.48	3	False	sicut Beda	sicut bed	bed
filii dei	2	3	19.39	3	False	filii Dei	fili de	de
britanniam insulam	2	3	19.29	3	False	Britanniam insulam	britanni insul	insul
tempore lucii	2	3	19.12	3	False	tempore Lucii	tempor luci	luci
britonum rege	2	3	19.04	3	False	Britonum rege	briton reg	reg
episcopus johannes	2	3	19.01	2	False	episcopus Johannes	episcop johann	johann
inquit johannes	2	3	18.91	3	False	inquit Johannes	inquit johann	johann
urbis ecclesia	2	3	18.89	3	False	urbis ecclesia	urb ecclesi	ecclesi
catholicae ecclesiae	2	3	18.79	2	False	Catholicae Ecclesiae	catholic ecclesi	ecclesi
hujus regni	2	3	18.69	3	False	hujus regni	huj regn	regn
britanniam adventum	2	3	18.62	3	False	Britanniam adventum	britanni advent	advent
rex anglorum	2	3	18.36	2	False	rex Anglorum	rex angl	angl
britannorum regis	2	3	18.32	3	False	Britannorum regis	britann reg	reg
anno decimo	2	3	18.3	3	False	Anno decimo	ann decim	decim
honorem dei	2	3	18.29	3	False	honorem Dei	honor de	de
ecclesiae suae	2	4	18.27	4	False	ecclesiae suae	ecclesi su	su
ejus corpus	2	3	18.17	3	False	ejus corpus	ej corp	corp
cujus nomen	2	4	18.09	4	False	cujus nomen	cuj nomen	nomen
historiae fidem	2	3	17.98	3	False	historiae fidem	histori fid	fid
britannia insula	2	3	17.42	3	False	Britannia insula	britanni insul	insul
sanctae ecclesiae	2	3	17.07	3	False	sanctae Ecclesiae	sanct ecclesi	ecclesi
vita augustini	2	3	16.99	3	False	vita Augustini	vit augustin	augustin
ejus opera	2	3	16.92	3	False	ejus opera	ej oper	oper
britanniae regem	2	3	16.76	3	False	Britanniae regem	britanni reg	reg
ecclesiae libello	2	3	16.29	3	False	ecclesiae libello	ecclesi libell	libell
rege britanniae	2	3	16.17	3	False	rege Britanniae	reg britanni	britanni
britanniam anno	2	4	15.96	4	False	Britanniam anno	britanni ann	ann
dei posse	2	3	15.27	3	False	Dei posse	de poss	poss
johannes episcopus	2	3	13.5	3	False	Johannes episcopus	johann episcop	episcop
ejus nomine	2	4	13.47	4	False	ejus nomine	ej nomin	nomin
totius ecclesiae	2	3	12.84	3	False	totius Ecclesiae	toti ecclesi	ecclesi
christi nomen	2	3	12.54	3	False	Christi nomen	christ nomen	nomen
regni ejus	2	3	12.08	3	False	regni ejus	regn ej	ej
christi nomine	2	3	11.46	3	False	Christi nomine	christ nomin	nomin
britannia anno	2	3	10.11	3	False	Britannia anno	britanni ann	ann
ecclesiae dei	2	3	6.77	3	False	Ecclesiae Dei	ecclesi de	de
anno ab incarnatione	3	17	None	15	False	anno ab incarnatione	ann ab incarnation	incarnation
anno ab incarnatione domini	4	14	None	13	False	anno ab incarnatione Domini	ann ab incarnation domin	domin
joseph ab arimathia	3	14	None	12	False	Joseph ab Arimathia	joseph ab arimathi	arimathi
hominem sine peccato	3	13	None	7	False	hominem sine peccato	homin sin peccat	peccat
anno dominicae incarnationis	3	10	None	9	False	anno Dominicae Incarnationis	ann dominic incarnation	incarnation
gratia et libero arbitrio	4	8	None	7	False	gratia et libero arbitrio	grati et liber arbitri	arbitri
pelagium et celestium	3	8	None	7	False	Pelagium et Celestium	pelag et celest	celest
rogerus de wendover	3	7	None	6	False	Rogerus de Wendover	roger d wendover	wendover
victoria aurelii ambrosii	3	6	None	6	False	victoria Aurelii Ambrosii	victori aureli ambrosi	ambrosi
viginti et octo	3	6	None	5	False	viginti et octo	vigint et oct	oct
albani et amphibali	3	6	None	6	False	Albani et Amphibali	alban et amphibal	amphibal
prosper in chronico	3	6	None	6	False	Prosper in chronico	prosper in chronic	chronic
nuptiis et concupiscentia	3	6	None	6	False	nuptiis et concupiscentia	nupti et concupiscenti	concupiscenti
operis contra julian	3	6	None	4	False	operis contra Julian	oper contr julian	julian
vigilantius in libro de basilica petri	6	5	None	5	False	Vigilantius in libro de Basilica Petri	vigilanti in libr d basilic petr	petr
posse esse hominem sine peccato	5	5	None	4	False	Posse esse hominem sine peccato	poss ess homin sin peccat	peccat
libro de basilica petri	4	5	None	5	False	libro de Basilica Petri	libr d basilic petr	petr
scripta est epistola	3	5	None	5	False	scripta est epistola	script est epistol	epistol
ecclesiam in honore	3	5	None	4	False	ecclesiam in honore	ecclesi in honor	honor
anno post passionem	3	5	None	5	False	anno post passionem	ann post passion	passion
philippi et jacobi	3	5	None	4	False	Philippi et Jacobi	philipp et jacob	jacob
dei genetricis mariae	3	5	None	5	False	Dei genetricis Mariae	de genetric mari	mari
libro de antiquitate	3	5	None	5	False	libro de antiquitate	libr d antiquitat	antiquitat
statu landavensis ecclesiae	3	5	None	5	False	statu Landavensis Ecclesiae	statu landavens ecclesi	ecclesi
chronica britonum abbreviata	3	5	None	5	False	Chronica Britonum abbreviata	chronic briton abbreviat	abbreviat
johannes de garlandia	3	5	None	5	False	Johannes de Garlandia	johann d garlandi	garlandi
magna ex parte	3	5	None	5	False	magna ex parte	magn ex part	part
wintoniensis ecclesiae tabula	3	5	None	5	False	Wintoniensis ecclesiae tabula	wintoniens ecclesi tabul	tabul
wintoniensis ecclesiae historiola	3	5	None	5	False	Wintoniensis ecclesiae historiola	wintoniens ecclesi historiol	historiol
alanus de insulis	3	5	None	5	False	Alanus de insulis	alan d insul	insul
germano et lupo	3	5	None	5	False	Germano et Lupo	german et lup	lup
vita johannes tinmuthensis	3	5	None	5	False	vita Johannes Tinmuthensis	vit johann tinmuthens	tinmuthens
phaganus et deruvianus	3	5	None	3	False	Phaganus et Deruvianus	phagan et deruvian	deruvian
vigilantius in libro	3	5	None	5	False	Vigilantius in libro	vigilanti in libr	libr
posse esse hominem	3	5	None	4	False	Posse esse hominem	poss ess homin	homin
pelagii et celestii	3	5	None	4	False	Pelagii et Celestii	pelagi et celesti	celesti
homo sine peccato	3	5	None	4	False	homo sine peccato	hom sin peccat	peccat
hengisti et horsi	3	5	None	2	False	Hengisti et Horsi	hengist et hors	hors
ecclesiam in honore sanctae	4	4	None	4	False	ecclesiam in honore sanctae	ecclesi in honor sanct	sanct
anno post passionem domini	4	4	None	4	False	anno post passionem Domini	ann post passion domin	domin
sanctorum philippi et jacobi	4	4	None	3	False	sanctorum Philippi et Jacobi	sanct philipp et jacob	jacob
domini nostri jesu christi	4	4	None	4	False	Domini nostri Jesu Christi	domin nostr jesu christ	christ
mari usque ad mare	4	4	None	4	False	mari usque ad mare	mar  ad mar	mar
magna wintoniensis ecclesiae tabula	4	4	None	4	False	magna Wintoniensis ecclesiae tabula	magn wintoniens ecclesi tabul	tabul
posse esse sine peccato	4	4	None	4	False	posse esse sine peccato	poss ess sin peccat	peccat
posterioris operis contra augustin	4	4	None	4	False	posterioris operis contra Augustin	posterior oper contr augustin	augustin
eulogii sui libro	3	4	None	4	False	eulogii sui libro	eulogi su libr	libr
venerunt in britanniam	3	4	None	2	False	venerunt in Britanniam	venerunt in britanni	britanni
facta est mentio	3	4	None	4	False	facta est mentio	fact est menti	menti
jacobus philippus bergomensis	3	4	None	4	True	Jacobus Philippus Bergomensis	jacob philipp bergomens	bergomens
thomas rudburnus senior	3	4	None	4	False	Thomas Rudburnus senior	thom rudburn senior	senior
radulphus de baldoc	3	4	None	4	False	Radulphus de Baldoc	radulph d baldoc	baldoc
anglorum sive saxonum	3	4	None	4	False	Anglorum sive Saxonum	angl siv saxon	saxon
radulphus de diceto	3	4	None	4	False	Radulphus de Diceto	radulph d dicet	dicet
tempore eleutherii papae	3	4	None	4	False	tempore Eleutherii papae	tempor eleutheri pap	pap
magno chronico belgico	3	4	None	4	False	magno chronico Belgico	magn chronic belgic	belgic
parisiensis et westmonasteriensis	3	4	None	4	False	Parisiensis et Westmonasteriensis	parisiens et westmonasteriens	westmonasteriens
fagano et duviano	3	4	None	4	False	Fagano et Duviano	fagan et duvian	duvian
viginti et quinque	3	4	None	4	False	viginti et quinque	vigint et quin	quin
gestis regum anglorum	3	4	None	4	False	gestis regum Anglorum	gest reg angl	angl
petri in cornhill	3	4	None	2	False	Petri in Cornhill	petr in cornhill	cornhill
ecclesiasticae suae historiae	3	4	None	4	False	ecclesiasticae suae historiae	ecclesiastic su histori	histori
galfridi monemuthensis historia	3	4	None	4	False	Galfridi Monemuthensis historia	galfrid monemuthens histori	histori
magnae glastoniensis tabulae	3	4	None	4	False	magnae Glastoniensis tabulae	magn glastoniens tabul	tabul
glastoniensis ecclesiae antiquitate	3	4	None	4	False	Glastoniensis ecclesiae antiquitate	glastoniens ecclesi antiquitat	antiquitat
tinmuthensis in vita	3	4	None	4	False	Tinmuthensis in vita	tinmuthens in vit	vit
pictos et scotos	3	4	None	4	False	Pictos et Scotos	pict et scot	scot
loco qui dicitur	3	4	None	3	False	loco qui dicitur	loc qu dicitur	dicitur
anni mille centum	3	4	None	4	False	anni mille centum	ann mill cent	cent
anno proxime sequente	3	4	None	4	False	anno proxime sequente	ann proxim sequent	sequent
aurelii carthaginiensis episcopi	3	4	None	4	False	Aurelii Carthaginiensis episcopi	aureli carthaginiens episcop	episcop
dimitte nobis debita	3	4	None	3	False	Dimitte nobis debita	dimitt nob debit	debit
pelagius et celestius	3	4	None	4	False	Pelagius et Celestius	pelagi et celesti	celesti
carissime atque amantissime	3	4	None	4	False	carissime atque amantissime	carissim at amantissim	amantissim
germanum et lupum	3	4	None	4	False	Germanum et Lupum	german et lup	lup
scribit vigilantius in libro de basilica	6	3	None	3	False	scribit Vigilantius in libro de Basilica	scribit vigilanti in libr d basilic	basilic
millibus armatorum sibi sociatis in britanniam	6	3	None	2	False	millibus armatorum sibi sociatis in Britanniam	mill armat sib sociat in britanni	britanni
ecclesiam in honore sanctae dei	5	3	None	3	False	ecclesiam in honore sanctae Dei	ecclesi in honor sanct de	de
libro quarto de triumphis ecclesiae	5	3	None	3	False	libro quarto de triumphis Ecclesiae	libr quart d triumph ecclesi	ecclesi
insulam mari usque ad mare	5	3	None	3	False	insulam mari usque ad mare	insul mar  ad mar	mar
coenobium in honore sancti amphibali	5	3	None	3	False	coenobium in honore sancti Amphibali	coenob in honor sanct amphibal	amphibal
augustini de nuptiis et concupiscentia	5	3	None	3	False	Augustini de nuptiis et concupiscentia	augustin d nupti et concupiscenti	concupiscenti
tribus millibus armatorum sibi sociatis	5	3	None	2	False	tribus millibus armatorum sibi sociatis	tr mill armat sib sociat	sociat
magna glastoniensis ecclesiae tabula	4	3	None	3	False	magna Glastoniensis ecclesiae tabula	magn glastoniens ecclesi tabul	tabul
sanctorum phagani et deruviani	4	3	None	3	False	sanctorum Phagani et Deruviani	sanct phagan et deruvian	deruvian
majore historia vitae augustini	4	3	None	3	False	majore historia vitae Augustini	major histori vit augustin	augustin
libello de sanctis germaniae	4	3	None	3	False	libello de sanctis Germaniae	libell d sanct germani	germani
radulphus niger in chronico	4	3	None	3	False	Radulphus Niger in chronico	radulph niger in chronic	chronic
sancti phaganus et deruvianus	4	3	None	3	False	sancti Phaganus et Deruvianus	sanct phagan et deruvian	deruvian
jacet sepultus inclitus rex	4	3	None	2	False	jacet sepultus inclitus Rex	jacet sepult inclit rex	rex
ecclesiasticae suae historiae libro	4	3	None	3	False	ecclesiasticae suae historiae libro	ecclesiastic su histori libr	libr
scribit vigilantius in libro	4	3	None	3	False	scribit Vigilantius in libro	scribit vigilanti in libr	libr
sanctorum albani et amphibali	4	3	None	3	False	sanctorum Albani et Amphibali	sanct alban et amphibal	amphibal
mille centum et octoginta	4	3	None	3	False	mille centum et octoginta	mill cent et octogint	octogint
johannes tinmuthensis et capgravius	4	3	None	2	False	Johannes Tinmuthensis et Capgravius	johann tinmuthens et capgravi	capgravi
necdum ad integrum expleto	4	3	None	3	False	necdum ad integrum expleto	necd ad integr explet	explet
loco natali constantini maximi	4	3	None	2	False	loco natali Constantini Maximi	loc natal constantin maxim	maxim
mandata dei facile custodire	4	3	None	3	False	mandata Dei facile custodire	mandat de facil custodir	custodir
potest homo sine peccato	4	3	None	3	False	potest homo sine peccato	potest hom sin peccat	peccat
jesum christum dominum nostrum	4	3	None	2	False	Jesum Christum Dominum nostrum	jes christ domin nostr	nostr
prioris operis contra julian	4	3	None	2	False	prioris operis contra Julian	prior oper contr julian	julian
gratia dei et libero	4	3	None	3	False	gratia Dei et libero	grati de et liber	liber
theophili raynaudi defensionem valeriani	4	3	None	3	False	Theophili Raynaudi defensionem Valeriani	theophil raynaud defension valerian	valerian
anno quo saxones venerunt	4	3	None	1	False	anno quo Saxones venerunt	ann qu saxon venerunt	venerunt
solus forte romanae gentis	4	3	None	2	False	solus forte Romanae gentis	sol fort roman gent	gent
vetusta ecclesia ante altare	4	3	None	1	False	vetusta ecclesia ante altare	vetust ecclesi ant altar	altar
libro secundo historiae	3	3	None	3	False	libro secundo historiae	libr secund histori	histori
omne hominum genus	3	3	None	3	False	omne hominum genus	omn homin gen	gen
petro et paulo	3	3	None	3	False	Petro et Paulo	petr et paul	paul
romanae ecclesiae martyrologio	3	3	None	3	False	Romanae Ecclesiae martyrologio	roman ecclesi martyrologi	martyrologi
antiquitate glastoniensis ecclesiae	3	3	None	3	False	antiquitate Glastoniensis ecclesiae	antiquitat glastoniens ecclesi	ecclesi
misit in britanniam	3	3	None	3	False	misit in Britanniam	misit in britanni	britanni
honore sanctae dei	3	3	None	3	False	honore sanctae Dei	honor sanct de	de
habetur in bibliotheca	3	3	None	3	False	habetur in bibliotheca	habetur in bibliothec	bibliothec
faganum et duvianum	3	3	None	3	False	Faganum et Duvianum	fagan et duvian	duvian
lucii regis temporibus	3	3	None	3	False	Lucii regis temporibus	luci reg tempor	tempor
annum nativitate domini	3	3	None	2	False	annum nativitate Domini	ann nativitat domin	domin
rem producto testimonio	3	3	None	3	False	rem producto testimonio	r product testimoni	testimoni
sancti timothei apostoli	3	3	None	3	False	sancti Timothei apostoli	sanct timothe apostol	apostol
libro primo historiae	3	3	None	3	False	libro primo historiae	libr prim histori	histori
lucius britannorum rex	3	3	None	3	False	Lucius Britannorum rex	luci britann rex	rex
quieta in pace	3	3	None	3	False	quieta in pace	quiet in pac	pac
lucius britanniae rex	3	3	None	3	False	Lucius Britanniae rex	luci britanni rex	rex
johannes de taxster	3	3	None	3	False	Johannes de Taxster	johann d taxster	taxster
wintoniensis ecclesiae collector	3	3	None	3	False	Wintoniensis ecclesiae collector	wintoniens ecclesi collector	collector
legum edvardi confessoris	3	3	None	3	False	legum Edvardi confessoris	leg edvard confessor	confessor
trevirensium archiepiscoporum catalogo	3	3	None	3	False	Trevirensium archiepiscoporum catalogo	treviren archiepiscop catalog	catalog
faganum et damianum	3	3	None	3	False	Faganum et Damianum	fagan et damian	damian
historiolae wintoniensis ecclesiae	3	3	None	3	False	historiolae Wintoniensis Ecclesiae	historiol wintoniens ecclesi	ecclesi
mirum in modum	3	3	None	3	False	mirum in modum	mir in mod	mod
missae sunt literae	3	3	None	3	False	missae sunt literae	miss sunt liter	liter
fagano et damiano	3	3	None	3	False	Fagano et Damiano	fagan et damian	damian
facta habetur mentio	3	3	None	3	False	facta habetur mentio	fact habetur menti	menti
virgineo deo dicatarum	3	3	None	2	False	virgineo Deo dicatarum	virgine de dicat	dicat
utrius que imperii	3	3	None	3	False	utrius que imperii	utri  imperi	imperi
decem et octo	3	3	None	3	False	decem et octo	dec et oct	oct
saxonum in britanniam	3	3	None	3	False	Saxonum in Britanniam	saxon in britanni	britanni
combustionem ejusdem ecclesiae	3	3	None	3	False	combustionem ejusdem ecclesiae	combustion ejusd ecclesi	ecclesi
abbates in glastonia	3	3	None	1	False	abbates in Glastonia	abbat in glastoni	glastoni
utrius que sexus	3	3	None	3	False	utrius que sexus	utri  sex	sex
sententiam subiit capitalem	3	3	None	3	False	sententiam subiit capitalem	sententi subiit capital	capital
britannica galfridi monemuthensis	3	3	None	3	True	Britannica Galfridi Monemuthensis	britannic galfrid monemuthens	monemuthens
albani anglorum protomartyris	3	3	None	3	False	Albani Anglorum protomartyris	alban angl protomartyr	protomartyr
anglorum in britanniam	3	3	None	2	False	Anglorum in Britanniam	angl in britanni	britanni
aerae nostrae christianae	3	3	None	3	False	aerae nostrae Christianae	aer nostr christian	christian
natum fuisse constantinum	3	3	None	3	False	natum fuisse Constantinum	nat fuiss constantin	constantin
honore sancti amphibali	3	3	None	3	False	honore sancti Amphibali	honor sanct amphibal	amphibal
isidori mercatoris collectione	3	3	None	3	False	Isidori Mercatoris collectione	isidor mercator collection	collection
orientis et occidentis	3	3	None	3	False	orientis et occidentis	orient et occident	occident
regnavit in britannia	3	3	None	2	False	regnavit in Britannia	regnavit in britanni	britanni
campano gramine corda	3	3	None	2	False	Campano gramine corda	campan gramin cord	cord
pelagium atque celestium	3	3	None	3	False	Pelagium atque Celestium	pelag at celest	celest
omne genus humanum	3	3	None	2	False	omne genus humanum	omn gen human	human
prosper contra collator	3	3	None	3	False	Prosper contra collator	prosper contr collator	collator
missa est epistola	3	3	None	3	False	missa est epistola	miss est epistol	epistol
germani et lupi	3	3	None	3	False	Germani et Lupi	german et lup	lup
macula et ruga	3	3	None	2	False	macula et ruga	macul et rug	rug
augustinus et alypius	3	3	None	3	False	Augustinus et Alypius	augustin et alypi	alypi
timasius et jacobus	3	3	None	3	False	Timasius et Jacobus	timasi et jacob	jacob
natura et gratia	3	3	None	3	False	natura et gratia	natur et grati	grati
implere per gratiam	3	3	None	2	False	implere per gratiam	impler per grati	grati
fratres et coepiscopos	3	3	None	3	False	fratres et coepiscopos	fratr et coepiscop	coepiscop
plenario totius africae	3	3	None	2	False	plenario totius Africae	plenari toti afric	afric
augustini de nuptiis	3	3	None	3	False	Augustini de nuptiis	augustin d nupti	nupti
falso gildae nomine	3	3	None	3	False	falso Gildae nomine	fals gild nomin	nomin
tribus longis navibus	3	3	None	3	False	tribus longis navibus	tr long nav	nav
regnum vero berniciorum	3	3	None	2	False	regnum vero Berniciorum	regn ver bernic	bernic
felicis et tauri	3	3	None	2	False	Felicis et Tauri	felic et taur	taur
decium et valerianum	3	3	None	2	False	Decium et Valerianum	dec et valerian	valerian
audito obitu vortimerii	3	3	None	2	False	audito obitu Vortimerii	audit obitu vortimeri	vortimeri
tribus millibus armatorum	3	3	None	2	False	tribus millibus armatorum	tr mill armat	armat
sociatis in britanniam	3	3	None	2	False	sociatis in Britanniam	sociat in britanni	britanni
quadringentos et sexaginta	3	3	None	2	False	quadringentos et sexaginta	quadringent et sexagint	sexagint
transmarinas petebant regiones	3	3	None	1	False	transmarinas petebant regiones	transmarin petebant region	region
