word	count	pct	pages	proper	loose_key
cap	57	0.897	21	False	cap
christi	37	0.582	22	True	christ
lib	33	0.519	20	False	lib
anno	32	0.504	16	False	ann
ejus	31	0.488	19	False	ej
joseph	29	0.456	13	True	joseph
pag	27	0.425	17	False	pag
fidem	23	0.362	13	False	fid
duodecim	23	0.362	12	False	duodeci
britanniam	21	0.331	14	True	britanni
libro	21	0.331	15	False	libr
arimathia	21	0.331	15	True	arimathi
dei	19	0.299	10	True	de
josephi	19	0.299	12	True	joseph
ver	18	0.283	8	False	ver
domini	17	0.268	12	True	domin
josepho	17	0.268	10	True	joseph
mariae	16	0.252	11	True	mari
tempore	15	0.236	11	False	tempor
jacobi	15	0.236	11	True	jacob
glastoniensis	15	0.236	7	True	glastoniens
annum	14	0.22	9	False	ann
dicitur	14	0.22	9	False	dicitur
virginis	14	0.22	10	False	virgin
terrae	13	0.205	10	False	terr
verbum	13	0.205	8	False	verb
ibi	13	0.205	9	False	ib
britannia	12	0.189	9	True	britanni
vid	12	0.189	10	False	vid
tom	12	0.189	9	False	to
christum	12	0.189	10	True	christ
regis	12	0.189	11	False	reg
vita	12	0.189	9	False	vit
ms	12	0.189	7	True	m
johannes	12	0.189	8	True	johann
paulo	11	0.173	9	True	paul
ann	11	0.173	8	False	ann
cujus	11	0.173	10	False	cuj
inquit	11	0.173	9	False	inquit
bibliotheca	11	0.173	7	False	bibliothec
habetur	11	0.173	7	False	habetur
discipulis	11	0.173	9	False	discipul
ibidem	11	0.173	7	False	ibid
temporibus	10	0.157	8	False	tempor
edit	10	0.157	8	False	edit
passionem	10	0.157	9	False	passion
sec	10	0.157	8	False	sec
corpus	10	0.157	7	False	corp
ecclesiae	10	0.157	9	False	ecclesi
sociis	10	0.157	8	False	soci
rex	10	0.157	8	False	rex
ecclesiam	10	0.157	7	False	ecclesi
christo	9	0.142	8	True	christ
jo	9	0.142	8	True	j
verba	9	0.142	7	False	verb
secundo	9	0.142	9	False	secund
apostolorum	9	0.142	8	False	apostol
legimus	9	0.142	7	False	legim
rege	9	0.142	7	False	reg
angliae	9	0.142	6	True	angli
honore	9	0.142	5	False	honor
anglorum	9	0.142	8	True	angl
arvirago	9	0.142	7	True	arvirag
apostolis	8	0.126	6	False	apostol
evangelium	8	0.126	6	False	evangel
petro	8	0.126	5	True	petr
britannos	8	0.126	6	True	britann
omnes	8	0.126	6	False	omn
britanniae	8	0.126	8	True	britanni
al	8	0.126	3	False	al
chronico	8	0.126	8	False	chronic
nomine	8	0.126	8	False	nomin
concilio	8	0.126	4	False	concili
apostoli	8	0.126	5	False	apostol
habet	8	0.126	7	False	habet
legitur	8	0.126	5	False	legitur
diem	8	0.126	6	False	di
postea	8	0.126	8	False	poste
sancti	8	0.126	6	False	sanct
sanctorum	8	0.126	6	False	sanct
monasterii	8	0.126	6	False	monasteri
claudia	7	0.11	4	True	claudi
absque	7	0.11	7	False	ab
gentes	7	0.11	6	False	gent
part	7	0.11	5	False	part
gentibus	7	0.11	5	False	gent
locum	7	0.11	7	False	loc
nomen	7	0.11	7	False	nomen
capite	7	0.11	7	False	capit
annos	7	0.11	6	False	ann
aliis	7	0.11	6	False	ali
epistola	7	0.11	6	False	epistol
insula	7	0.11	5	False	insul
sepelivit	7	0.11	6	False	sepelivit
beatae	7	0.11	6	False	beat
loco	7	0.11	6	False	loc
patricii	7	0.11	5	True	patrici
tabula	7	0.11	5	False	tabul
magna	7	0.11	6	False	magn
gentium	6	0.094	5	False	gent
deo	6	0.094	5	True	de
gildas	6	0.094	5	True	gild
fidei	6	0.094	6	False	fide
evangelii	6	0.094	5	False	evangeli
terrarum	6	0.094	5	False	terr
petrum	6	0.094	5	True	petr
anglia	6	0.094	5	True	angli
verum	6	0.094	6	False	v
britannorum	6	0.094	4	True	britann
suae	6	0.094	5	False	su
locis	6	0.094	6	False	loc
praedicavisse	6	0.094	4	False	praedicaviss
author	6	0.094	5	False	author
maria	6	0.094	6	True	mari
praedicavit	6	0.094	5	False	praedicavit
addit	6	0.094	5	False	addit
hist	6	0.094	6	False	hist
dominum	6	0.094	6	True	domin
nerone	6	0.094	6	True	neron
mihi	6	0.094	5	False	mih
angliam	6	0.094	4	True	angli
bene	6	0.094	4	False	ben
philippi	6	0.094	5	True	philipp
monachorum	6	0.094	5	False	monach
malmesburiensis	6	0.094	5	True	malmesburiens
jesu	6	0.094	5	True	jesu
philippus	6	0.094	5	True	philipp
convertit	6	0.094	4	False	convertit
hidas	6	0.094	6	False	hid
dignitate	6	0.094	4	False	dignitat
certum	6	0.094	5	False	cert
primus	6	0.094	3	False	prim
filio	6	0.094	3	False	fili
hispania	6	0.094	3	True	hispani
jacobo	5	0.079	4	True	jacob
britannis	5	0.079	5	True	britann
omnibus	5	0.079	5	False	omn
genus	5	0.079	5	False	gen
epist	5	0.079	4	False	epist
rom	5	0.079	5	False	ro
summo	5	0.079	5	False	summ
tiberii	5	0.079	4	True	tiberi
psal	5	0.079	3	True	psal
christianorum	5	0.079	2	True	christian
historiae	5	0.079	5	False	histori
tertio	5	0.079	5	False	terti
totum	5	0.079	4	False	tot
ulla	5	0.079	5	False	ull
epistolae	5	0.079	5	False	epistol
parte	5	0.079	4	False	part
christianae	5	0.079	5	True	christian
hispaniae	5	0.079	5	True	hispani
secutus	5	0.079	4	False	secut
jacobus	5	0.079	3	True	jacob
septem	5	0.079	4	False	sept
discipulos	5	0.079	4	False	discipul
martyrologio	5	0.079	3	False	martyrologi
beato	5	0.079	3	False	beat
praedicandum	5	0.079	3	False	praedicand
tandem	5	0.079	4	False	tand
romae	5	0.079	4	True	rom
illis	5	0.079	5	False	ill
baron	5	0.079	5	False	baron
monachus	5	0.079	5	False	monach
sepultum	5	0.079	3	False	sepult
scriptum	5	0.079	5	False	script
primam	5	0.079	5	False	prim
me	5	0.079	4	False	m
libello	5	0.079	5	False	libell
episcopum	5	0.079	4	False	episcop
aristobuli	5	0.079	2	True	aristobul
epigram	5	0.079	3	False	epigr
scripta	5	0.079	5	False	script
glastoniensium	5	0.079	4	True	glastonien
henrici	5	0.079	4	False	henric
ecclesia	5	0.079	3	False	ecclesi
insulam	5	0.079	4	False	insul
reges	5	0.079	3	False	reg
archangeli	5	0.079	4	False	archangel
glastoniae	5	0.079	4	True	glastoni
josephum	5	0.079	5	True	joseph
gallis	5	0.079	2	True	gall
philippo	5	0.079	4	True	philipp
capgravius	5	0.079	5	True	capgravi
cruce	5	0.079	5	False	cruc
secum	5	0.079	3	False	sec
josephus	5	0.079	4	True	joseph
nobis	5	0.079	3	False	nob
nobilis	5	0.079	5	False	nobil
regnum	5	0.079	3	False	regn
praedicasse	4	0.063	3	False	praedicass
adventum	4	0.063	3	False	advent
oceanum	4	0.063	3	False	ocean
tradunt	4	0.063	3	False	tradunt
religionem	4	0.063	4	False	religion
alii	4	0.063	4	False	ali
testimonium	4	0.063	4	False	testimon
omne	4	0.063	4	False	omn
temporum	4	0.063	3	False	temp
insulas	4	0.063	3	False	insul
oceano	4	0.063	4	False	ocean
mare	4	0.063	3	False	mar
caesaris	4	0.063	4	True	caesar
ullo	4	0.063	4	False	ull
christus	4	0.063	4	True	christ
paulum	4	0.063	3	False	paul
dicit	4	0.063	4	False	dicit
scribit	4	0.063	4	False	scribit
judaea	4	0.063	4	True	judae
iterum	4	0.063	4	False	it
romano	4	0.063	4	True	roman
omnium	4	0.063	4	False	omn
multa	4	0.063	4	False	mult
utrius	4	0.063	3	False	utri
asserit	4	0.063	3	False	asserit
episcopi	4	0.063	3	False	episcop
vincentius	4	0.063	2	True	vincenti
sancta	4	0.063	4	False	sanct
martyrium	4	0.063	4	False	martyr
herode	4	0.063	4	True	herod
magni	4	0.063	3	False	magn
annal	4	0.063	4	False	annal
galaecia	4	0.063	1	True	galaeci
ait	4	0.063	4	False	ait
praedicandi	4	0.063	4	False	praedicand
beati	4	0.063	4	False	beat
romam	4	0.063	3	True	rom
collegii	4	0.063	4	False	collegi
guil	4	0.063	4	False	guil
multos	4	0.063	3	False	mult
sepultus	4	0.063	3	False	sepult
meminit	4	0.063	4	False	meminit
invenio	4	0.063	4	False	inveni
episcopus	4	0.063	4	False	episcop
histor	4	0.063	4	False	histor
aliquando	4	0.063	3	False	aliquand
multis	4	0.063	4	False	mult
joannis	4	0.063	2	True	joann
petrus	4	0.063	4	True	petr
prius	4	0.063	4	False	pri
apostolo	4	0.063	3	False	apostol
claudiae	4	0.063	3	True	claudi
claudiam	4	0.063	2	True	claudi
senem	4	0.063	4	False	sen
thomas	4	0.063	3	True	thom
dicta	4	0.063	4	False	dict
eandem	4	0.063	4	False	eand
hujus	4	0.063	4	False	huj
martial	4	0.063	3	False	martial
erit	4	0.063	2	False	erit
arimathaeensi	4	0.063	3	True	arimathaeens
traditiones	4	0.063	3	False	tradition
antiquitate	4	0.063	4	False	antiquitat
narrat	4	0.063	4	False	narrat
domino	4	0.063	4	True	domin
vitae	4	0.063	2	False	vit
misit	4	0.063	4	False	misit
incarnatione	4	0.063	4	False	incarnation
omnino	4	0.063	4	False	omnin
quandam	4	0.063	2	False	quand
gabrielis	4	0.063	4	True	gabriel
sanctae	4	0.063	3	False	sanct
virgis	4	0.063	4	False	virg
assumptionem	4	0.063	4	False	assumption
decimo	4	0.063	4	False	decim
quinto	4	0.063	4	False	quint
matris	4	0.063	4	False	matr
sanctum	4	0.063	3	False	sanct
tantum	4	0.063	4	False	tant
historia	4	0.063	4	False	histori
isti	4	0.063	3	False	ist
construxerunt	4	0.063	3	False	construxerunt
cottoniana	4	0.063	4	True	cottonian
venit	4	0.063	3	False	venit
argentea	4	0.063	3	False	argente
potest	4	0.063	3	False	potest
discipuli	4	0.063	3	False	discipul
glastoniensi	4	0.063	4	True	glastoniens
hidarum	4	0.063	3	False	hid
libris	4	0.063	3	False	libr
ejusmodi	4	0.063	4	False	ejusmod
arviragum	4	0.063	2	False	arvirag
decurio	4	0.063	4	False	decuri
oratores	4	0.063	3	False	orator
constantiensi	4	0.063	2	True	constantiens
glasconiae	4	0.063	3	True	glasconi
crucis	4	0.063	1	False	cruc
christianam	3	0.047	3	True	christian
insulis	3	0.047	3	False	insul
zebedaei	3	0.047	3	True	zebedae
simone	3	0.047	2	False	simon
unius	3	0.047	3	False	uni
act	3	0.047	3	False	act
britann	3	0.047	2	False	britann
convers	3	0.047	3	False	conver
plane	3	0.047	3	False	plan
terram	3	0.047	3	False	terr
ipsorum	3	0.047	3	False	ip
hieronymus	3	0.047	3	True	hieronym
orbis	3	0.047	2	False	orb
multitudines	3	0.047	3	False	multitudin
factum	3	0.047	3	False	fact
imperio	3	0.047	3	False	imperi
lumen	3	0.047	3	False	lumen
deus	3	0.047	2	True	de
te	3	0.047	3	False	t
imperante	3	0.047	3	False	imperant
universum	3	0.047	3	False	univers
praedicarent	3	0.047	3	False	praedicarent
concessit	3	0.047	3	False	concessit
loquitur	3	0.047	3	False	loquitur
meam	3	0.047	1	False	me
gloriam	3	0.047	2	False	glori
terra	3	0.047	3	False	terr
mari	3	0.047	3	False	mar
possunt	3	0.047	2	False	possunt
orbi	3	0.047	2	False	orb
morte	3	0.047	2	False	mort
hibernia	3	0.047	3	True	hiberni
accusatoribus	3	0.047	2	False	accusator
tiberius	3	0.047	1	False	tiberi
caetera	3	0.047	3	False	caeter
urbe	3	0.047	3	False	urb
mortem	3	0.047	3	False	mort
illic	3	0.047	3	False	illic
sententia	3	0.047	3	False	sententi
ecclesiasticae	3	0.047	3	False	ecclesiastic
ipsis	3	0.047	3	False	ips
sermo	3	0.047	2	False	serm
coelitus	3	0.047	3	False	coelit
orbem	3	0.047	3	False	orb
ecclesias	3	0.047	3	False	ecclesi
hominum	3	0.047	3	False	homin
annorum	3	0.047	3	False	ann
occidentis	3	0.047	3	False	occident
tempus	3	0.047	3	False	temp
rem	3	0.047	3	False	r
proxime	3	0.047	3	False	proxim
significat	3	0.047	3	False	significat
ministerio	3	0.047	3	False	ministeri
romanos	3	0.047	2	True	roman
filium	3	0.047	3	False	fil
referunt	3	0.047	3	False	referunt
lucem	3	0.047	3	False	luc
isidorus	3	0.047	3	True	isidor
patribus	3	0.047	3	False	patr
testamenti	3	0.047	3	True	testament
oris	3	0.047	2	False	or
lucii	3	0.047	3	True	luci
hierosolymam	3	0.047	2	True	hierosolym
basileensi	3	0.047	3	True	basileens
garsia	3	0.047	3	True	garsi
diversa	3	0.047	2	False	divers
diu	3	0.047	3	False	diu
verbi	3	0.047	3	False	verb
cumque	3	0.047	3	False	c
jacobum	3	0.047	3	True	jacob
adventu	3	0.047	3	False	adventu
hispaniam	3	0.047	3	True	hispani
gestis	3	0.047	3	False	gest
facta	3	0.047	3	False	fact
apostolus	3	0.047	3	False	apostol
duobus	3	0.047	3	False	duob
hierosolymis	3	0.047	3	True	hierosolym
praedicatione	3	0.047	3	False	praedication
maii	3	0.047	2	True	mai
diversis	3	0.047	3	False	divers
cantabrig	3	0.047	3	True	cantabrig
ibid	3	0.047	3	False	ibid
nos	3	0.047	3	False	n
hujusmodi	3	0.047	3	False	hujusmod
extremum	3	0.047	3	False	extrem
menaeis	3	0.047	3	True	menae
junii	3	0.047	3	False	juni
timotheum	3	0.047	3	True	timothe
prima	3	0.047	3	False	prim
dominus	3	0.047	3	True	domin
portum	3	0.047	2	False	port
fide	3	0.047	3	False	fid
innuit	3	0.047	3	False	innuit
demum	3	0.047	3	False	dem
regionem	3	0.047	3	False	region
paris	3	0.047	3	False	par
praecipue	3	0.047	3	False	praecipu
salomes	3	0.047	1	True	salom
concordia	3	0.047	2	True	concordi
petri	3	0.047	2	True	petr
uxor	3	0.047	2	False	uxor
filia	3	0.047	2	False	fili
epistolam	3	0.047	2	False	epistol
duxit	3	0.047	3	False	duxit
edita	3	0.047	3	False	edit
sancto	3	0.047	3	False	sanct
uno	3	0.047	2	False	un
pietatis	3	0.047	3	False	pietat
martialis	3	0.047	2	True	martial
antiquis	3	0.047	3	False	antiqu
temporis	3	0.047	3	False	tempor
multum	3	0.047	2	False	mult
omnia	3	0.047	3	False	omni
confirmant	3	0.047	3	False	confirmant
pluribus	3	0.047	3	False	plur
locus	3	0.047	3	False	loc
guilielmi	3	0.047	3	True	guilielm
visum	3	0.047	3	False	vis
sanctus	3	0.047	3	False	sanct
assumptione	3	0.047	3	False	assumption
nova	3	0.047	2	False	nov
praedicationi	3	0.047	3	False	praedication
pagani	3	0.047	2	False	pagan
gentis	3	0.047	2	False	gent
torquatis	3	0.047	3	False	torquat
gloriosae	3	0.047	3	False	glorios
charta	3	0.047	3	False	chart
scriptis	3	0.047	3	False	script
abbatis	3	0.047	2	False	abbat
monasterio	3	0.047	3	False	monasteri
gallia	3	0.047	2	True	galli
refert	3	0.047	3	False	refert
nostris	3	0.047	3	False	nostr
arimathaea	3	0.047	3	True	arimathae
nobili	3	0.047	3	False	nobil
divinitus	3	0.047	3	False	divinit
venisse	3	0.047	3	False	veniss
malmesburiensi	3	0.047	3	True	malmesburiens
isidori	3	0.047	1	True	isidor
appellatur	3	0.047	3	False	appellatur
librum	3	0.047	2	False	libr
mentio	3	0.047	3	False	menti
britonum	3	0.047	3	True	briton
regi	3	0.047	3	False	reg
arviragus	3	0.047	2	True	arvirag
reliquit	3	0.047	3	False	reliquit
hodie	3	0.047	3	False	hodi
venerunt	3	0.047	2	False	venerunt
honorem	3	0.047	3	False	honor
capgrav	3	0.047	3	False	capgrav
glastonienses	3	0.047	3	False	glastoniens
alia	3	0.047	3	False	ali
johanne	3	0.047	3	False	johann
graal	3	0.047	2	True	graal
monacho	3	0.047	3	False	monach
sanguinis	3	0.047	2	False	sanguin
partem	3	0.047	3	False	part
religione	3	0.047	2	False	religion
eulogii	3	0.047	3	False	eulogi
avalloniae	3	0.047	2	True	avalloni
admonitionem	3	0.047	2	False	admonition
monachi	3	0.047	3	False	monach
prophetiae	3	0.047	2	False	propheti
franciae	3	0.047	3	True	franci
legenda	3	0.047	3	False	legend
templum	3	0.047	3	False	templ
ordinis	3	0.047	2	False	ordin
judaeis	3	0.047	2	True	judae
quanta	3	0.047	2	False	quant
londinensi	3	0.047	2	True	londinens
mario	3	0.047	2	False	mari
christiana	3	0.047	2	True	christian
constat	3	0.047	3	False	constat
scripsisse	3	0.047	2	False	scripsiss
sacellum	3	0.047	3	False	sacell
chron	3	0.047	1	False	chron
harding	3	0.047	2	False	harding
sudore	3	0.047	2	False	sudor
reperietur	3	0.047	2	False	reperietur
habitantibus	3	0.047	1	False	habitant
quaestio	3	0.047	2	False	quaesti
concilii	3	0.047	2	False	concili
regno	3	0.047	3	False	regn
statim	3	0.047	3	False	stati
monasterium	3	0.047	3	False	monaster
contrariam	3	0.047	3	False	contrari
carcere	3	0.047	3	False	carcer
nativitate	3	0.047	2	False	nativitat
archivis	3	0.047	2	False	archiv
muro	3	0.047	3	False	mur
guilielmus	3	0.047	3	False	guilielm
annalibus	3	0.047	2	False	annal
sacelli	3	0.047	1	False	sacell
ecclesiarum	2	0.031	2	False	eccles
antiquitates	2	0.031	2	False	antiquitat
caput	2	0.031	2	False	caput
britanni	2	0.031	2	False	britann
acceptam	2	0.031	2	False	accept
britannicis	2	0.031	2	True	britannic
priscae	2	0.031	2	False	prisc
hibernos	2	0.031	2	True	hibern
subiisse	2	0.031	2	False	subiiss
attinet	2	0.031	2	False	attinet
mundo	2	0.031	2	False	mund
provincia	2	0.031	2	False	provinci
circuitum	2	0.031	2	False	circuit
nationes	2	0.031	2	False	nation
viri	2	0.031	2	False	vir
camden	2	0.031	2	False	camden
origenes	2	0.031	2	True	origen
authorem	2	0.031	2	False	author
contrarium	2	0.031	2	False	contrar
minime	2	0.031	2	False	minim
nominatim	2	0.031	1	False	nominati
coli	2	0.031	2	False	col
consuevisse	2	0.031	2	False	consueviss
prodiderunt	2	0.031	2	False	prodiderunt
humanum	2	0.031	2	False	human
portenta	2	0.031	2	False	portent
numero	2	0.031	2	False	numer
nonnulla	2	0.031	2	False	nonnull
epitaphio	2	0.031	2	False	epitaphi
populi	2	0.031	2	False	popul
variae	2	0.031	2	False	vari
homo	2	0.031	2	False	hom
resurrectionem	2	0.031	2	False	resurrection
literae	2	0.031	2	False	liter
homil	2	0.031	2	False	homil
selden	2	0.031	2	False	selden
hieron	2	0.031	2	False	hieron
tenebris	2	0.031	2	False	tenebr
prophetam	2	0.031	2	False	prophet
constitui	2	0.031	2	False	constitu
mundum	2	0.031	2	False	mund
omni	2	0.031	2	False	omn
coelesti	2	0.031	2	False	coelest
doctrinae	2	0.031	2	False	doctrin
quemadmodum	2	0.031	2	False	quemadmod
gregorius	2	0.031	2	True	gregori
augustini	2	0.031	2	False	augustin
sola	2	0.031	2	False	sol
medio	2	0.031	2	False	medi
plenae	2	0.031	1	False	plen
fecerat	2	0.031	2	False	fecerat
gildae	2	0.031	2	False	gild
solum	2	0.031	2	False	sol
arce	2	0.031	2	False	arc
tempora	2	0.031	2	False	tempor
radios	2	0.031	2	False	radi
esai	2	0.031	1	False	esa
marc	2	0.031	2	False	marc
orat	2	0.031	2	False	orat
op	2	0.031	2	False	op
incolis	2	0.031	2	False	incol
persecutionem	2	0.031	2	False	persecution
annotatum	2	0.031	2	False	annotat
retulit	2	0.031	2	False	retulit
senatum	2	0.031	1	False	senat
sacra	2	0.031	2	False	sacr
patrum	2	0.031	2	False	patr
comminatus	2	0.031	1	False	comminat
veritatem	2	0.031	2	False	veritat
caesar	2	0.031	2	False	caesar
periculum	2	0.031	2	False	pericul
eusebius	2	0.031	2	True	eusebi
interprete	2	0.031	2	False	interpret
divina	2	0.031	2	False	divin
providentia	2	0.031	2	False	providenti
ostensum	2	0.031	2	False	ostens
omnem	2	0.031	2	False	omn
fines	2	0.031	2	False	fin
romani	2	0.031	2	True	roman
potius	2	0.031	2	False	poti
velociter	2	0.031	1	False	velociter
millia	2	0.031	2	False	milli
bs	2	0.031	1	False	b
summum	2	0.031	2	False	summ
regina	2	0.031	2	False	regin
appellat	2	0.031	2	False	appellat
adversus	2	0.031	2	False	advers
aerae	2	0.031	2	False	aer
millibus	2	0.031	2	False	mill
veritatis	2	0.031	2	False	veritat
theodoretus	2	0.031	2	True	theodoret
legem	2	0.031	2	False	leg
scythas	2	0.031	2	True	scyth
sauromatas	2	0.031	2	True	sauromat
indos	2	0.031	2	False	ind
persas	2	0.031	2	False	pers
dicatur	2	0.031	2	False	dicatur
britannicas	2	0.031	2	False	britannic
mar	2	0.031	2	False	mar
mundi	2	0.031	2	False	mund
tradit	2	0.031	2	False	tradit
freculphus	2	0.031	2	True	freculph
chronici	2	0.031	2	False	chronic
caesaraugustani	2	0.031	2	True	caesaraugustan
dextri	2	0.031	2	True	dextr
hibernis	2	0.031	2	False	hibern
affirmat	2	0.031	2	False	affirmat
gallias	2	0.031	2	True	galli
rebus	2	0.031	2	False	reb
virginem	2	0.031	2	False	virgin
posterior	2	0.031	2	False	posterior
alphonso	2	0.031	2	True	alphons
cosmi	2	0.031	1	False	cosm
climata	2	0.031	1	False	climat
elegisse	2	0.031	2	False	elegiss
subiit	2	0.031	2	False	subiit
occisum	2	0.031	2	False	occis
divisi	2	0.031	2	False	divis
authores	2	0.031	2	False	author
caroli	2	0.031	1	True	carol
calixtus	2	0.031	2	True	calixt
chronic	2	0.031	2	False	chronic
praefatione	2	0.031	2	False	praefation
viveret	2	0.031	2	False	viveret
dixit	2	0.031	2	False	dixit
scripsit	2	0.031	2	False	scripsit
hispanias	2	0.031	1	True	hispani
errore	2	0.031	2	False	error
quieverunt	2	0.031	2	False	quieverunt
sane	2	0.031	2	False	san
hieronymi	2	0.031	2	False	hieronym
editum	2	0.031	2	False	edit
chromatium	2	0.031	1	True	chromat
baronius	2	0.031	2	True	baroni
bedae	2	0.031	2	True	bed
usuardi	2	0.031	2	False	usuard
adonis	2	0.031	2	True	adon
martyrologiis	2	0.031	2	False	martyrologi
sanctis	2	0.031	2	False	sanct
episcopos	2	0.031	2	False	episcop
vetere	2	0.031	2	False	veter
romanae	2	0.031	2	True	roman
ado	2	0.031	2	True	ad
curavit	2	0.031	2	False	curavit
filius	2	0.031	2	False	fili
benedicti	2	0.031	2	False	benedict
roberti	2	0.031	2	False	robert
gladio	2	0.031	2	False	gladi
occubuit	2	0.031	2	False	occubuit
hiberis	2	0.031	1	True	hiber
alicubi	2	0.031	1	False	alicub
relinquo	2	0.031	2	False	relinqu
certe	2	0.031	2	False	cert
simonem	2	0.031	1	False	simon
nicephorus	2	0.031	2	True	nicephor
synopsi	2	0.031	2	False	synops
graecorum	2	0.031	2	True	graec
decimum	2	0.031	2	False	decim
profectus	2	0.031	2	False	profect
verbo	2	0.031	1	False	verb
breviario	2	0.031	2	False	breviari
oriente	2	0.031	2	False	orient
occidente	2	0.031	2	False	occident
longo	2	0.031	2	False	long
niceph	2	0.031	2	False	niceph
ecclesiast	2	0.031	2	False	ecclesiast
graec	2	0.031	2	False	graec
neronis	2	0.031	2	True	neron
cucurrisse	2	0.031	2	False	cucurriss
defensione	2	0.031	1	False	defension
nemo	2	0.031	2	False	nem
usus	2	0.031	2	False	us
festo	2	0.031	2	False	fest
missus	2	0.031	2	False	miss
attulit	2	0.031	1	False	attulit
alibi	2	0.031	2	False	alib
britannus	2	0.031	2	True	britann
hispanis	2	0.031	2	True	hispan
aliorum	2	0.031	2	False	al
basil	2	0.031	2	False	basil
com	2	0.031	2	False	co
script	2	0.031	2	False	script
tim	2	0.031	2	False	ti
centur	2	0.031	2	False	centur
rob	2	0.031	2	False	rob
person	2	0.031	2	False	person
anglic	2	0.031	2	False	anglic
nondum	2	0.031	2	False	nond
interpres	2	0.031	2	False	interpr
hispaniis	2	0.031	2	True	hispani
triginta	2	0.031	1	False	trigint
annis	2	0.031	2	False	ann
consummavit	2	0.031	2	False	consummavit
aristobulum	2	0.031	2	False	aristobul
ordinatum	2	0.031	2	False	ordinat
fit	2	0.031	2	False	fit
praedicans	2	0.031	2	False	praedican
eccles	2	0.031	2	False	eccl
prorsus	2	0.031	2	False	prors
sortitus	2	0.031	2	False	sortit
veniens	2	0.031	2	False	venien
fragmento	2	0.031	2	False	fragment
helecae	2	0.031	2	True	helec
multorum	2	0.031	2	False	mult
dictus	2	0.031	2	False	dict
zebedaeus	2	0.031	1	True	zebedae
pater	2	0.031	1	False	pater
martyris	2	0.031	2	False	martyr
imperatoris	2	0.031	2	False	imperator
pagina	2	0.031	1	False	pagin
multo	2	0.031	2	False	mult
sororem	2	0.031	2	False	soror
cognomento	2	0.031	2	False	cognoment
barnabae	2	0.031	1	True	barnab
uxorem	2	0.031	2	False	uxor
commentario	2	0.031	2	False	commentari
simul	2	0.031	2	False	simul
pudens	2	0.031	2	True	puden
linus	2	0.031	2	True	lin
patrem	2	0.031	2	False	patr
quendam	2	0.031	2	False	quend
britannam	2	0.031	2	True	britann
pudentis	2	0.031	1	True	pudent
poeta	2	0.031	2	False	poet
runa	2	0.031	1	True	run
decus	2	0.031	2	False	dec
formae	2	0.031	2	False	form
credere	2	0.031	2	False	creder
marito	2	0.031	1	False	marit
quot	2	0.031	1	False	quot
gaudeat	2	0.031	1	False	gaudeat
meo	2	0.031	2	False	me
pudenti	2	0.031	1	True	pudent
melius	2	0.031	2	False	meli
pari	2	0.031	1	False	par
quondam	2	0.031	2	False	quond
lectionis	2	0.031	2	False	lection
judicii	2	0.031	2	False	judici
apposuit	2	0.031	2	False	apposuit
fortasse	2	0.031	2	False	fortass
vocat	2	0.031	2	False	vocat
imperii	2	0.031	2	False	imperi
scythici	2	0.031	1	True	scythic
scotici	2	0.031	1	True	scotic
legi	2	0.031	2	False	leg
anglicana	2	0.031	2	True	anglican
anglam	2	0.031	1	True	angl
trajano	2	0.031	1	True	trajan
quanquam	2	0.031	2	False	quanqu
nititur	2	0.031	2	False	nititur
ratione	2	0.031	2	False	ration
nervae	2	0.031	1	True	nerv
trajani	2	0.031	2	True	trajan
silio	2	0.031	2	True	sili
neronem	2	0.031	2	False	neron
bis	2	0.031	2	False	b
orbe	2	0.031	2	False	orb
placet	2	0.031	2	False	placet
generalibus	2	0.031	2	False	general
nepotem	2	0.031	2	False	nepot
dominicae	2	0.031	2	True	dominic
credentes	2	0.031	1	False	credent
evangelista	2	0.031	2	False	evangelist
numerus	2	0.031	2	False	numer
judaeorum	2	0.031	2	False	jud
regna	2	0.031	2	False	regn
salutis	2	0.031	2	False	salut
plures	2	0.031	2	False	plur
praefecit	2	0.031	2	False	praefecit
venientes	2	0.031	2	False	venient
sexagesimo	2	0.031	2	False	sexagesim
barbarus	2	0.031	2	False	barbar
gente	2	0.031	2	False	gent
audiens	2	0.031	2	False	audien
inconsueta	2	0.031	2	False	inconsuet
consentire	2	0.031	2	False	consentir
renuebat	2	0.031	2	False	renuebat
paternas	2	0.031	2	False	patern
commutare	2	0.031	2	False	commutar
volebat	2	0.031	2	False	volebat
venerant	2	0.031	2	False	venerant
sylvis	2	0.031	2	False	sylv
paludibus	2	0.031	2	False	palud
regionis	2	0.031	2	False	region
petitionem	2	0.031	2	False	petition
hidae	2	0.031	2	False	hid
creditur	2	0.031	2	False	creditur
visione	2	0.031	2	False	vision
capellam	2	0.031	2	False	capell
inferius	2	0.031	2	False	inferi
muros	2	0.031	2	False	mur
tricesimo	2	0.031	2	False	tricesim
videlicet	2	0.031	2	False	videlicet
memorati	2	0.031	2	False	memorat
literis	2	0.031	2	False	liter
monachis	2	0.031	2	False	monach
stat	2	0.031	1	False	stat
perpetuae	2	0.031	2	False	perpetu
vetusta	2	0.031	2	False	vetust
dionysii	2	0.031	2	True	dionysi
dignitatem	2	0.031	2	False	dignitat
magno	2	0.031	2	False	magn
vocatur	2	0.031	2	False	vocatur
actis	2	0.031	2	False	act
magdalenae	2	0.031	2	False	magdalen
magdalenam	2	0.031	2	False	magdalen
judaei	2	0.031	2	True	judae
maximino	2	0.031	2	False	maximin
navi	2	0.031	2	False	nav
remigio	2	0.031	2	False	remigi
praedica	2	0.031	2	False	praedic
melchiorem	2	0.031	2	False	melchior
inchofer	2	0.031	2	True	inchofer
veritate	2	0.031	2	False	veritat
messanenses	2	0.031	2	True	messanens
lazaro	2	0.031	1	False	lazar
maximo	2	0.031	2	False	maxim
galliam	2	0.031	1	True	galli
gallorum	2	0.031	2	True	gall
philippum	2	0.031	2	False	philipp
operum	2	0.031	1	False	op
octogesimo	2	0.031	2	False	octogesim
toletanus	2	0.031	2	True	toletan
archiepiscopus	2	0.031	2	False	archiepiscop
beda	2	0.031	2	True	bed
bibliothecae	2	0.031	2	False	bibliothec
col	2	0.031	1	False	col
gallos	2	0.031	2	True	gall
jussit	2	0.031	2	False	jussit
thomae	2	0.031	2	False	thom
regni	2	0.031	2	False	regn
sepultura	2	0.031	2	False	sepultur
virum	2	0.031	2	False	vir
howardum	2	0.031	2	True	howard
contulit	2	0.031	2	False	contulit
baptizatus	2	0.031	1	False	baptizat
caeteris	2	0.031	2	False	caeter
audierat	2	0.031	2	False	audierat
viderat	2	0.031	2	False	viderat
diversas	2	0.031	2	False	divers
regiones	2	0.031	2	False	region
majorem	2	0.031	2	False	major
civitate	2	0.031	2	False	civitat
deposuit	2	0.031	2	False	deposuit
descripta	2	0.031	2	False	descript
gallice	2	0.031	2	True	gallic
lata	2	0.031	2	False	lat
alium	2	0.031	2	False	al
pretiosa	2	0.031	2	False	pretios
ordinem	2	0.031	2	False	ordin
historiam	2	0.031	2	False	histori
latine	2	0.031	2	True	latin
inveniri	2	0.031	1	False	invenir
potui	2	0.031	2	False	potu
arthuri	2	0.031	1	False	arthur
repositum	2	0.031	2	False	reposit
fingit	2	0.031	2	False	fingit
pignus	2	0.031	1	False	pign
britannicae	2	0.031	2	True	britannic
fonte	2	0.031	2	False	font
sapiens	2	0.031	2	False	sapien
incarnationis	2	0.031	2	True	incarnation
jacob	2	0.031	2	False	jacob
antiquit	2	0.031	2	False	antiquit
jesus	2	0.031	2	False	jes
natus	2	0.031	2	False	nat
dotatum	2	0.031	2	False	dotat
thoma	2	0.031	2	False	thom
scriptus	2	0.031	2	False	script
paganicis	2	0.031	2	False	paganic
erroribus	2	0.031	2	False	error
genetricis	2	0.031	2	False	genetric
tinmuthensis	2	0.031	2	True	tinmuthens
construxerant	2	0.031	2	False	construxerant
inhabitandum	2	0.031	2	False	inhabitand
portio	2	0.031	2	False	porti
lectoris	2	0.031	2	False	lector
ego	2	0.031	2	False	eg
authoritatem	2	0.031	2	False	authoritat
polydorus	2	0.031	2	False	polydor
teste	2	0.031	2	False	test
matthaeo	2	0.031	2	True	matthae
casu	2	0.031	2	False	casu
tinmouth	2	0.031	2	True	tinmouth
evangelio	2	0.031	2	False	evangeli
multi	2	0.031	2	False	mult
baptizati	2	0.031	2	False	baptizat
parum	2	0.031	2	False	p
quatuor	2	0.031	2	False	quatuor
glasconia	2	0.031	2	False	glasconi
sicut	2	0.031	2	False	sicut
pie	2	0.031	2	False	pi
initio	2	0.031	2	False	initi
richardus	2	0.031	2	True	richard
liberatum	2	0.031	2	False	liberat
libri	2	0.031	2	False	libr
regum	2	0.031	2	False	reg
extat	2	0.031	2	False	extat
superius	2	0.031	2	False	superi
portiones	2	0.031	1	False	portion
diligenter	2	0.031	2	False	diligenter
hida	2	0.031	1	False	hid
familiam	2	0.031	1	False	famili
possit	2	0.031	2	False	possit
henrico	2	0.031	2	False	henric
paganos	2	0.031	2	False	pagan
marium	2	0.031	2	False	mar
coillum	2	0.031	2	True	coill
marginem	2	0.031	2	False	margin
hardingus	2	0.031	2	True	harding
extitisse	2	0.031	1	False	extitiss
conversum	2	0.031	2	False	convers
quomodo	2	0.031	2	False	quomod
regem	2	0.031	2	False	reg
vespasiano	2	0.031	2	True	vespasian
unquam	2	0.031	2	False	unqu
vidit	2	0.031	2	False	vidit
coeli	2	0.031	2	False	coel
centum	2	0.031	1	False	cent
merlinum	2	0.031	1	True	merlin
exemplaribus	2	0.031	2	False	exemplar
paganorum	2	0.031	1	False	pagan
futurum	2	0.031	2	False	futur
dormitionem	2	0.031	2	False	dormition
accepit	2	0.031	2	False	accepit
cepit	2	0.031	1	False	cepit
somnum	2	0.031	1	False	somn
perpetuum	2	0.031	1	False	perpetu
jacet	2	0.031	1	False	jacet
linea	2	0.031	2	False	line
oratorii	2	0.031	1	False	oratori
cratibus	2	0.031	2	False	crat
vascula	2	0.031	1	False	vascul
alba	2	0.031	1	False	alb
cruore	2	0.031	1	False	cruor
perimpleta	2	0.031	1	False	perimplet
integrum	2	0.031	1	False	integr
illibatum	2	0.031	1	False	illibat
apertum	2	0.031	1	False	apert
aqua	2	0.031	2	False	aqu
ros	2	0.031	1	False	r
nobilissimam	2	0.031	1	False	nobilissim
tem	2	0.031	2	False	t
antiquior	2	0.031	2	False	antiquior
toti	2	0.031	2	False	tot
cujusdam	2	0.031	2	False	cujusd
malmes	2	0.031	2	False	malm
glaston	2	0.031	2	False	glaston
britannici	2	0.031	1	True	britannic
habita	2	0.031	1	False	habit
controversia	2	0.031	2	False	controversi
anglicanae	2	0.031	1	True	anglican
magnitudine	2	0.031	2	False	magnitudin
asservatis	2	0.031	2	False	asservat
invenimus	2	0.031	2	False	invenim
alterum	2	0.031	1	False	alt
ingressus	2	0.031	2	False	ingress
populos	2	0.031	2	False	popul
bathoniensis	2	0.031	2	True	bathoniens
diocesis	2	0.031	2	False	dioces
dixerunt	2	0.031	2	False	dixerunt
proba	2	0.031	1	False	prob
medium	2	0.031	2	False	med
probabilitatem	2	0.031	2	False	probabilitat
probatur	2	0.031	2	False	probatur
negativa	2	0.031	1	False	negativ
minoris	2	0.031	2	False	minor
titus	2	0.031	1	True	tit
cibo	2	0.031	2	False	cib
dici	2	0.031	1	False	dic
suscepit	2	0.031	1	False	suscepit
hispani	2	0.031	2	True	hispan
vivente	2	0.031	1	False	vivent
liberatus	2	0.031	2	False	liberat
titum	2	0.031	2	True	tit
alphonsus	2	0.031	2	True	alphons
antiqua	2	0.031	2	False	antiqu
produximus	2	0.031	2	False	produxim
antiochia	2	0.031	2	True	antiochi
erectum	2	0.031	2	False	erect
translatum	2	0.031	2	False	translat
partim	2	0.031	1	False	parti
loaisa	2	0.031	1	False	loais
factam	2	0.031	2	False	fact
divinam	2	0.031	1	False	divin
eysengreineus	2	0.031	2	True	eysengreine
concil	2	0.031	1	False	concil
carnis	2	0.031	2	False	carn
regnante	2	0.031	2	False	regnant
reliquisse	2	0.031	1	False	reliquiss
memoriam	2	0.031	2	False	memori
matth	2	0.031	1	True	matth
traditum	2	0.031	2	False	tradit
reliquias	2	0.031	1	False	reliqui
nostro	2	0.031	1	False	nostr
licentiam	2	0.031	2	False	licenti
dicti	2	0.031	2	False	dict
valeat	2	0.031	2	False	valeat
edvard	2	0.031	2	False	edvard
conventus	2	0.031	1	False	convent
crypta	2	0.031	2	False	crypt
arma	2	0.031	2	False	arm
latere	2	0.031	1	False	later
latus	2	0.031	1	False	lat
requiescunt	2	0.031	1	False	requiescunt
